-- phpMyAdmin SQL Dump
-- version 5.0.4
-- https://www.phpmyadmin.net/
--
-- Hôte : localhost
-- Généré le : mer. 09 déc. 2020 à 16:07
-- Version du serveur :  10.5.8-MariaDB
-- Version de PHP : 7.4.13

SET SQL_MODE = "NO_AUTO_VALUE_ON_ZERO";
START TRANSACTION;
SET time_zone = "+00:00";


/*!40101 SET @OLD_CHARACTER_SET_CLIENT=@@CHARACTER_SET_CLIENT */;
/*!40101 SET @OLD_CHARACTER_SET_RESULTS=@@CHARACTER_SET_RESULTS */;
/*!40101 SET @OLD_COLLATION_CONNECTION=@@COLLATION_CONNECTION */;
/*!40101 SET NAMES utf8mb4 */;

--
-- Base de données : `SportyMeet`
--

-- --------------------------------------------------------

--
-- Structure de la table `departement`
--

CREATE TABLE `departement` (
  `id_departement` varchar(3) NOT NULL,
  `nom` varchar(30) DEFAULT NULL
) ENGINE=InnoDB DEFAULT CHARSET=utf8;

--
-- Déchargement des données de la table `departement`
--

INSERT INTO `departement` (`id_departement`, `nom`) VALUES
('1', 'AIN'),
('10', 'AUBE'),
('11', 'AUDE'),
('12', 'AVEYRON'),
('13', 'BOUCHES-DU-RHONE'),
('14', 'CALVADOS'),
('15', 'CANTAL'),
('16', 'CHARENTE'),
('17', 'CHARENTE-MARITIME'),
('18', 'CHER'),
('19', 'CORREZE'),
('2', 'AISNE'),
('21', 'COTE-DOR'),
('22', 'COTES-DARMOR'),
('23', 'CREUSE'),
('24', 'DORDOGNE'),
('25', 'DOUBS'),
('26', 'DROME'),
('27', 'EURE'),
('28', 'EURE-ET-LOIR'),
('29', 'FINISTERE'),
('2A', 'CORSE-DU-SUD'),
('2B', 'HAUTE-CORSE'),
('3', 'ALLIER'),
('30', 'GARD'),
('31', 'HAUTE-GARONNE'),
('32', 'GERS'),
('33', 'GIRONDE'),
('34', 'HERAULT'),
('35', 'ILE-ET-VILAINE'),
('36', 'INDRE'),
('37', 'INDRE-ET-LOIRE'),
('38', 'ISERE'),
('39', 'JURA'),
('4', 'ALPES-DE-HAUTE-PROVENCE'),
('40', 'LANDES'),
('41', 'LOIR-ET-CHER'),
('42', 'LOIRE'),
('43', 'HAUTE-LOIRE'),
('44', 'LOIRE-ATLANTIQUE'),
('45', 'LOIRET'),
('46', 'LOT'),
('47', 'LOT-ET-GARONNE'),
('48', 'LOZERE'),
('49', 'MAINE-ET-LOIRE'),
('5', 'HAUTES-ALPES'),
('50', 'MANCHE'),
('51', 'MARNE'),
('52', 'HAUTE-MARNE'),
('53', 'MAYENNE'),
('54', 'MEURTHE-ET-MOSELLE'),
('55', 'MEUSE'),
('56', 'MORBIHAN'),
('57', 'MOSELLE'),
('58', 'NIEVRE'),
('59', 'NORD'),
('6', 'ALPES-MARITIMES'),
('60', 'OISE'),
('61', 'ORNE'),
('62', 'PAS-DE-CALAIS'),
('63', 'PUY-DE-DOME'),
('64', 'PYRENEES-ATLANTIQUES'),
('65', 'HAUTES-PYRENEES'),
('66', 'PYRENEES-ORIENTALES'),
('67', 'BAS-RHIN'),
('68', 'HAUT-RHIN'),
('69', 'RHONE'),
('7', 'ARDECHE'),
('70', 'HAUTE-SAONE'),
('71', 'SAONE-ET-LOIRE'),
('72', 'SARTHE'),
('73', 'SAVOIE'),
('74', 'HAUTE-SAVOIE'),
('75', 'PARIS'),
('76', 'SEINE-MARITIME'),
('77', 'SEINE-ET-MARNE'),
('78', 'YVELINES'),
('79', 'DEUX-SEVRES'),
('8', 'ARDENNES'),
('80', 'SOMME'),
('81', 'TARN'),
('82', 'TARN-ET-GARONNE'),
('83', 'VAR'),
('84', 'VAUCLUSE'),
('85', 'VENDEE'),
('86', 'VIENNE'),
('87', 'HAUTE-VIENNE'),
('88', 'VOSGES'),
('89', 'YONNE'),
('9', 'ARIEGE'),
('90', 'TERRITOIRE-DE-BELFORT'),
('91', 'ESSONNE'),
('92', 'HAUTS-DE-SEINE'),
('93', 'SEINE-SAINT-DENIS'),
('94', 'VAL-DE-MARNE'),
('95', 'VAL-DOISE'),
('971', 'GUADELOUPE'),
('972', 'MARTINIQUE'),
('973', 'GUYANE'),
('974', 'REUNION'),
('976', 'MAYOTTE');

-- --------------------------------------------------------

--
-- Structure de la table `personne`
--

CREATE TABLE `personne` (
  `id_personne` int(11) NOT NULL,
  `nom` varchar(20) NOT NULL,
  `prenom` varchar(20) NOT NULL,
  `Description` text NOT NULL,
  `photo` varchar(20) NOT NULL DEFAULT 'default.png',
  `id_departement` varchar(3) NOT NULL,
  `mail` varchar(50) NOT NULL,
  `mdpHash` varchar(64) NOT NULL
) ENGINE=InnoDB DEFAULT CHARSET=utf8;

--
-- Déchargement des données de la table `personne`
--

INSERT INTO `personne` (`id_personne`, `nom`, `prenom`, `Description`, `photo`, `id_departement`, `mail`, `mdpHash`) VALUES
(1, 'Nom1', 'Prenom1', 'Lorem Ipsum', 'default.png', '50', 'nom1.prenom1@adressemail.com', 'f90d4f5a7a011c103ebad8c328423649d7f0734dc3cb51070c200e2e169b7e26'),
(2, 'Nom2', 'Prenom2', 'Lorem Ipsum', 'default.png', '18', 'Nom2.Prenom2@adressemail.com', 'f90d4f5a7a011c103ebad8c328423649d7f0734dc3cb51070c200e2e169b7e26'),
(3, 'Nom3', 'Prenom3', 'Lorem Ipsum', 'default.png', '87', 'Nom3.Prenom3@adressemail.com', 'f90d4f5a7a011c103ebad8c328423649d7f0734dc3cb51070c200e2e169b7e26'),
(4, 'Nom4', 'Prenom4', 'Lorem Ipsum', 'default.png', '38', 'Nom4.Prenom4@adressemail.com', 'f90d4f5a7a011c103ebad8c328423649d7f0734dc3cb51070c200e2e169b7e26'),
(5, 'Nom5', 'Prenom5', 'Lorem Ipsum', 'default.png', '88', 'Nom5.Prenom5@adressemail.com', 'f90d4f5a7a011c103ebad8c328423649d7f0734dc3cb51070c200e2e169b7e26'),
(6, 'Nom6', 'Prenom6', 'Lorem Ipsum', 'default.png', '9', 'Nom6.Prenom6@adressemail.com', 'f90d4f5a7a011c103ebad8c328423649d7f0734dc3cb51070c200e2e169b7e26'),
(7, 'Nom7', 'Prenom7', 'Lorem Ipsum', 'default.png', '12', 'Nom7.Prenom7@adressemail.com', 'f90d4f5a7a011c103ebad8c328423649d7f0734dc3cb51070c200e2e169b7e26'),
(8, 'Nom8', 'Prenom8', 'Lorem Ipsum', 'default.png', '64', 'Nom8.Prenom8@adressemail.com', 'f90d4f5a7a011c103ebad8c328423649d7f0734dc3cb51070c200e2e169b7e26'),
(9, 'Nom9', 'Prenom9', 'Lorem Ipsum', 'default.png', '6', 'Nom9.Prenom9@adressemail.com', 'f90d4f5a7a011c103ebad8c328423649d7f0734dc3cb51070c200e2e169b7e26'),
(10, 'Nom10', 'Prenom10', 'Lorem Ipsum', 'default.png', '14', 'Nom10.Prenom10@adressemail.com', 'f90d4f5a7a011c103ebad8c328423649d7f0734dc3cb51070c200e2e169b7e26'),
(11, 'Nom11', 'Prenom11', 'Lorem Ipsum', 'default.png', '46', 'Nom11.Prenom11@adressemail.com', 'f90d4f5a7a011c103ebad8c328423649d7f0734dc3cb51070c200e2e169b7e26'),
(12, 'Nom12', 'Prenom12', 'Lorem Ipsum', 'default.png', '67', 'Nom12.Prenom12@adressemail.com', 'f90d4f5a7a011c103ebad8c328423649d7f0734dc3cb51070c200e2e169b7e26'),
(13, 'Nom13', 'Prenom13', 'Lorem Ipsum', 'default.png', '74', 'Nom13.Prenom13@adressemail.com', 'f90d4f5a7a011c103ebad8c328423649d7f0734dc3cb51070c200e2e169b7e26'),
(14, 'Nom14', 'Prenom14', 'Lorem Ipsum', 'default.png', '50', 'Nom14.Prenom14@adressemail.com', 'f90d4f5a7a011c103ebad8c328423649d7f0734dc3cb51070c200e2e169b7e26'),
(15, 'Nom15', 'Prenom15', 'Lorem Ipsum', 'default.png', '69', 'Nom15.Prenom15@adressemail.com', 'f90d4f5a7a011c103ebad8c328423649d7f0734dc3cb51070c200e2e169b7e26'),
(16, 'Nom16', 'Prenom16', 'Lorem Ipsum', 'default.png', '85', 'Nom16.Prenom16@adressemail.com', 'f90d4f5a7a011c103ebad8c328423649d7f0734dc3cb51070c200e2e169b7e26'),
(17, 'Nom17', 'Prenom17', 'Lorem Ipsum', 'default.png', '15', 'Nom17.Prenom17@adressemail.com', 'f90d4f5a7a011c103ebad8c328423649d7f0734dc3cb51070c200e2e169b7e26'),
(18, 'Nom18', 'Prenom18', 'Lorem Ipsum', 'default.png', '33', 'Nom18.Prenom18@adressemail.com', 'f90d4f5a7a011c103ebad8c328423649d7f0734dc3cb51070c200e2e169b7e26'),
(19, 'Nom19', 'Prenom19', 'Lorem Ipsum', 'default.png', '81', 'Nom19.Prenom19@adressemail.com', 'f90d4f5a7a011c103ebad8c328423649d7f0734dc3cb51070c200e2e169b7e26'),
(20, 'Nom20', 'Prenom20', 'Lorem Ipsum', 'default.png', '92', 'Nom20.Prenom20@adressemail.com', 'f90d4f5a7a011c103ebad8c328423649d7f0734dc3cb51070c200e2e169b7e26'),
(21, 'Nom21', 'Prenom21', 'Lorem Ipsum', 'default.png', '7', 'Nom21.Prenom21@adressemail.com', 'f90d4f5a7a011c103ebad8c328423649d7f0734dc3cb51070c200e2e169b7e26'),
(22, 'Nom22', 'Prenom22', 'Lorem Ipsum', 'default.png', '61', 'Nom22.Prenom22@adressemail.com', 'f90d4f5a7a011c103ebad8c328423649d7f0734dc3cb51070c200e2e169b7e26'),
(23, 'Nom23', 'Prenom23', 'Lorem Ipsum', 'default.png', '94', 'Nom23.Prenom23@adressemail.com', 'f90d4f5a7a011c103ebad8c328423649d7f0734dc3cb51070c200e2e169b7e26'),
(24, 'Nom24', 'Prenom24', 'Lorem Ipsum', 'default.png', '48', 'Nom24.Prenom24@adressemail.com', 'f90d4f5a7a011c103ebad8c328423649d7f0734dc3cb51070c200e2e169b7e26'),
(25, 'Nom25', 'Prenom25', 'Lorem Ipsum', 'default.png', '8', 'Nom25.Prenom25@adressemail.com', 'f90d4f5a7a011c103ebad8c328423649d7f0734dc3cb51070c200e2e169b7e26'),
(26, 'Nom26', 'Prenom26', 'Lorem Ipsum', 'default.png', '45', 'Nom26.Prenom26@adressemail.com', 'f90d4f5a7a011c103ebad8c328423649d7f0734dc3cb51070c200e2e169b7e26'),
(27, 'Nom27', 'Prenom27', 'Lorem Ipsum', 'default.png', '45', 'Nom27.Prenom27@adressemail.com', 'f90d4f5a7a011c103ebad8c328423649d7f0734dc3cb51070c200e2e169b7e26'),
(28, 'Nom28', 'Prenom28', 'Lorem Ipsum', 'default.png', '18', 'Nom28.Prenom28@adressemail.com', 'f90d4f5a7a011c103ebad8c328423649d7f0734dc3cb51070c200e2e169b7e26'),
(29, 'Nom29', 'Prenom29', 'Lorem Ipsum', 'default.png', '23', 'Nom29.Prenom29@adressemail.com', 'f90d4f5a7a011c103ebad8c328423649d7f0734dc3cb51070c200e2e169b7e26'),
(30, 'Nom30', 'Prenom30', 'Lorem Ipsum', 'default.png', '10', 'Nom30.Prenom30@adressemail.com', 'f90d4f5a7a011c103ebad8c328423649d7f0734dc3cb51070c200e2e169b7e26'),
(31, 'Nom31', 'Prenom31', 'Lorem Ipsum', 'default.png', '42', 'Nom31.Prenom31@adressemail.com', 'f90d4f5a7a011c103ebad8c328423649d7f0734dc3cb51070c200e2e169b7e26'),
(32, 'Nom32', 'Prenom32', 'Lorem Ipsum', 'default.png', '89', 'Nom32.Prenom32@adressemail.com', 'f90d4f5a7a011c103ebad8c328423649d7f0734dc3cb51070c200e2e169b7e26'),
(33, 'Nom33', 'Prenom33', 'Lorem Ipsum', 'default.png', '14', 'Nom33.Prenom33@adressemail.com', 'f90d4f5a7a011c103ebad8c328423649d7f0734dc3cb51070c200e2e169b7e26'),
(34, 'Nom34', 'Prenom34', 'Lorem Ipsum', 'default.png', '55', 'Nom34.Prenom34@adressemail.com', 'f90d4f5a7a011c103ebad8c328423649d7f0734dc3cb51070c200e2e169b7e26'),
(35, 'Nom35', 'Prenom35', 'Lorem Ipsum', 'default.png', '17', 'Nom35.Prenom35@adressemail.com', 'f90d4f5a7a011c103ebad8c328423649d7f0734dc3cb51070c200e2e169b7e26'),
(36, 'Nom36', 'Prenom36', 'Lorem Ipsum', 'default.png', '95', 'Nom36.Prenom36@adressemail.com', 'f90d4f5a7a011c103ebad8c328423649d7f0734dc3cb51070c200e2e169b7e26'),
(37, 'Nom37', 'Prenom37', 'Lorem Ipsum', 'default.png', '37', 'Nom37.Prenom37@adressemail.com', 'f90d4f5a7a011c103ebad8c328423649d7f0734dc3cb51070c200e2e169b7e26'),
(38, 'Nom38', 'Prenom38', 'Lorem Ipsum', 'default.png', '71', 'Nom38.Prenom38@adressemail.com', 'f90d4f5a7a011c103ebad8c328423649d7f0734dc3cb51070c200e2e169b7e26'),
(39, 'Nom39', 'Prenom39', 'Lorem Ipsum', 'default.png', '83', 'Nom39.Prenom39@adressemail.com', 'f90d4f5a7a011c103ebad8c328423649d7f0734dc3cb51070c200e2e169b7e26'),
(40, 'Nom40', 'Prenom40', 'Lorem Ipsum', 'default.png', '78', 'Nom40.Prenom40@adressemail.com', 'f90d4f5a7a011c103ebad8c328423649d7f0734dc3cb51070c200e2e169b7e26'),
(41, 'Nom41', 'Prenom41', 'Lorem Ipsum', 'default.png', '26', 'Nom41.Prenom41@adressemail.com', 'f90d4f5a7a011c103ebad8c328423649d7f0734dc3cb51070c200e2e169b7e26'),
(42, 'Nom42', 'Prenom42', 'Lorem Ipsum', 'default.png', '10', 'Nom42.Prenom42@adressemail.com', 'f90d4f5a7a011c103ebad8c328423649d7f0734dc3cb51070c200e2e169b7e26'),
(43, 'Nom43', 'Prenom43', 'Lorem Ipsum', 'default.png', '9', 'Nom43.Prenom43@adressemail.com', 'f90d4f5a7a011c103ebad8c328423649d7f0734dc3cb51070c200e2e169b7e26'),
(44, 'Nom44', 'Prenom44', 'Lorem Ipsum', 'default.png', '58', 'Nom44.Prenom44@adressemail.com', 'f90d4f5a7a011c103ebad8c328423649d7f0734dc3cb51070c200e2e169b7e26'),
(45, 'Nom45', 'Prenom45', 'Lorem Ipsum', 'default.png', '90', 'Nom45.Prenom45@adressemail.com', 'f90d4f5a7a011c103ebad8c328423649d7f0734dc3cb51070c200e2e169b7e26'),
(46, 'Nom46', 'Prenom46', 'Lorem Ipsum', 'default.png', '40', 'Nom46.Prenom46@adressemail.com', 'f90d4f5a7a011c103ebad8c328423649d7f0734dc3cb51070c200e2e169b7e26'),
(47, 'Nom47', 'Prenom47', 'Lorem Ipsum', 'default.png', '12', 'Nom47.Prenom47@adressemail.com', 'f90d4f5a7a011c103ebad8c328423649d7f0734dc3cb51070c200e2e169b7e26'),
(48, 'Nom48', 'Prenom48', 'Lorem Ipsum', 'default.png', '28', 'Nom48.Prenom48@adressemail.com', 'f90d4f5a7a011c103ebad8c328423649d7f0734dc3cb51070c200e2e169b7e26'),
(49, 'Nom49', 'Prenom49', 'Lorem Ipsum', 'default.png', '19', 'Nom49.Prenom49@adressemail.com', 'f90d4f5a7a011c103ebad8c328423649d7f0734dc3cb51070c200e2e169b7e26'),
(50, 'Nom50', 'Prenom50', 'Lorem Ipsum', 'default.png', '43', 'Nom50.Prenom50@adressemail.com', 'f90d4f5a7a011c103ebad8c328423649d7f0734dc3cb51070c200e2e169b7e26'),
(51, 'Nom51', 'Prenom51', 'Lorem Ipsum', 'default.png', '25', 'Nom51.Prenom51@adressemail.com', 'f90d4f5a7a011c103ebad8c328423649d7f0734dc3cb51070c200e2e169b7e26'),
(52, 'Nom52', 'Prenom52', 'Lorem Ipsum', 'default.png', '54', 'Nom52.Prenom52@adressemail.com', 'f90d4f5a7a011c103ebad8c328423649d7f0734dc3cb51070c200e2e169b7e26'),
(53, 'Nom53', 'Prenom53', 'Lorem Ipsum', 'default.png', '83', 'Nom53.Prenom53@adressemail.com', 'f90d4f5a7a011c103ebad8c328423649d7f0734dc3cb51070c200e2e169b7e26'),
(54, 'Nom54', 'Prenom54', 'Lorem Ipsum', 'default.png', '46', 'Nom54.Prenom54@adressemail.com', 'f90d4f5a7a011c103ebad8c328423649d7f0734dc3cb51070c200e2e169b7e26'),
(55, 'Nom55', 'Prenom55', 'Lorem Ipsum', 'default.png', '25', 'Nom55.Prenom55@adressemail.com', 'f90d4f5a7a011c103ebad8c328423649d7f0734dc3cb51070c200e2e169b7e26'),
(56, 'Nom56', 'Prenom56', 'Lorem Ipsum', 'default.png', '16', 'Nom56.Prenom56@adressemail.com', 'f90d4f5a7a011c103ebad8c328423649d7f0734dc3cb51070c200e2e169b7e26'),
(57, 'Nom57', 'Prenom57', 'Lorem Ipsum', 'default.png', '9', 'Nom57.Prenom57@adressemail.com', 'f90d4f5a7a011c103ebad8c328423649d7f0734dc3cb51070c200e2e169b7e26'),
(58, 'Nom58', 'Prenom58', 'Lorem Ipsum', 'default.png', '56', 'Nom58.Prenom58@adressemail.com', 'f90d4f5a7a011c103ebad8c328423649d7f0734dc3cb51070c200e2e169b7e26'),
(59, 'Nom59', 'Prenom59', 'Lorem Ipsum', 'default.png', '31', 'Nom59.Prenom59@adressemail.com', 'f90d4f5a7a011c103ebad8c328423649d7f0734dc3cb51070c200e2e169b7e26'),
(60, 'Nom60', 'Prenom60', 'Lorem Ipsum', 'default.png', '9', 'Nom60.Prenom60@adressemail.com', 'f90d4f5a7a011c103ebad8c328423649d7f0734dc3cb51070c200e2e169b7e26'),
(61, 'Nom61', 'Prenom61', 'Lorem Ipsum', 'default.png', '61', 'Nom61.Prenom61@adressemail.com', 'f90d4f5a7a011c103ebad8c328423649d7f0734dc3cb51070c200e2e169b7e26'),
(62, 'Nom62', 'Prenom62', 'Lorem Ipsum', 'default.png', '35', 'Nom62.Prenom62@adressemail.com', 'f90d4f5a7a011c103ebad8c328423649d7f0734dc3cb51070c200e2e169b7e26'),
(63, 'Nom63', 'Prenom63', 'Lorem Ipsum', 'default.png', '13', 'Nom63.Prenom63@adressemail.com', 'f90d4f5a7a011c103ebad8c328423649d7f0734dc3cb51070c200e2e169b7e26'),
(64, 'Nom64', 'Prenom64', 'Lorem Ipsum', 'default.png', '83', 'Nom64.Prenom64@adressemail.com', 'f90d4f5a7a011c103ebad8c328423649d7f0734dc3cb51070c200e2e169b7e26'),
(65, 'Nom65', 'Prenom65', 'Lorem Ipsum', 'default.png', '56', 'Nom65.Prenom65@adressemail.com', 'f90d4f5a7a011c103ebad8c328423649d7f0734dc3cb51070c200e2e169b7e26'),
(66, 'Nom66', 'Prenom66', 'Lorem Ipsum', 'default.png', '83', 'Nom66.Prenom66@adressemail.com', 'f90d4f5a7a011c103ebad8c328423649d7f0734dc3cb51070c200e2e169b7e26'),
(67, 'Nom67', 'Prenom67', 'Lorem Ipsum', 'default.png', '10', 'Nom67.Prenom67@adressemail.com', 'f90d4f5a7a011c103ebad8c328423649d7f0734dc3cb51070c200e2e169b7e26'),
(68, 'Nom68', 'Prenom68', 'Lorem Ipsum', 'default.png', '44', 'Nom68.Prenom68@adressemail.com', 'f90d4f5a7a011c103ebad8c328423649d7f0734dc3cb51070c200e2e169b7e26'),
(69, 'Nom69', 'Prenom69', 'Lorem Ipsum', 'default.png', '28', 'Nom69.Prenom69@adressemail.com', 'f90d4f5a7a011c103ebad8c328423649d7f0734dc3cb51070c200e2e169b7e26'),
(70, 'Nom70', 'Prenom70', 'Lorem Ipsum', 'default.png', '26', 'Nom70.Prenom70@adressemail.com', 'f90d4f5a7a011c103ebad8c328423649d7f0734dc3cb51070c200e2e169b7e26'),
(71, 'Nom71', 'Prenom71', 'Lorem Ipsum', 'default.png', '45', 'Nom71.Prenom71@adressemail.com', 'f90d4f5a7a011c103ebad8c328423649d7f0734dc3cb51070c200e2e169b7e26'),
(72, 'Nom72', 'Prenom72', 'Lorem Ipsum', 'default.png', '15', 'Nom72.Prenom72@adressemail.com', 'f90d4f5a7a011c103ebad8c328423649d7f0734dc3cb51070c200e2e169b7e26'),
(73, 'Nom73', 'Prenom73', 'Lorem Ipsum', 'default.png', '60', 'Nom73.Prenom73@adressemail.com', 'f90d4f5a7a011c103ebad8c328423649d7f0734dc3cb51070c200e2e169b7e26'),
(74, 'Nom74', 'Prenom74', 'Lorem Ipsum', 'default.png', '82', 'Nom74.Prenom74@adressemail.com', 'f90d4f5a7a011c103ebad8c328423649d7f0734dc3cb51070c200e2e169b7e26'),
(75, 'Nom75', 'Prenom75', 'Lorem Ipsum', 'default.png', '75', 'Nom75.Prenom75@adressemail.com', 'f90d4f5a7a011c103ebad8c328423649d7f0734dc3cb51070c200e2e169b7e26'),
(76, 'Nom76', 'Prenom76', 'Lorem Ipsum', 'default.png', '83', 'Nom76.Prenom76@adressemail.com', 'f90d4f5a7a011c103ebad8c328423649d7f0734dc3cb51070c200e2e169b7e26'),
(77, 'Nom77', 'Prenom77', 'Lorem Ipsum', 'default.png', '87', 'Nom77.Prenom77@adressemail.com', 'f90d4f5a7a011c103ebad8c328423649d7f0734dc3cb51070c200e2e169b7e26'),
(78, 'Nom78', 'Prenom78', 'Lorem Ipsum', 'default.png', '86', 'Nom78.Prenom78@adressemail.com', 'f90d4f5a7a011c103ebad8c328423649d7f0734dc3cb51070c200e2e169b7e26'),
(79, 'Nom79', 'Prenom79', 'Lorem Ipsum', 'default.png', '83', 'Nom79.Prenom79@adressemail.com', 'f90d4f5a7a011c103ebad8c328423649d7f0734dc3cb51070c200e2e169b7e26'),
(80, 'Nom80', 'Prenom80', 'Lorem Ipsum', 'default.png', '32', 'Nom80.Prenom80@adressemail.com', 'f90d4f5a7a011c103ebad8c328423649d7f0734dc3cb51070c200e2e169b7e26'),
(81, 'Nom81', 'Prenom81', 'Lorem Ipsum', 'default.png', '59', 'Nom81.Prenom81@adressemail.com', 'f90d4f5a7a011c103ebad8c328423649d7f0734dc3cb51070c200e2e169b7e26'),
(82, 'Nom82', 'Prenom82', 'Lorem Ipsum', 'default.png', '71', 'Nom82.Prenom82@adressemail.com', 'f90d4f5a7a011c103ebad8c328423649d7f0734dc3cb51070c200e2e169b7e26'),
(83, 'Nom83', 'Prenom83', 'Lorem Ipsum', 'default.png', '15', 'Nom83.Prenom83@adressemail.com', 'f90d4f5a7a011c103ebad8c328423649d7f0734dc3cb51070c200e2e169b7e26'),
(84, 'Nom84', 'Prenom84', 'Lorem Ipsum', 'default.png', '55', 'Nom84.Prenom84@adressemail.com', 'f90d4f5a7a011c103ebad8c328423649d7f0734dc3cb51070c200e2e169b7e26'),
(85, 'Nom85', 'Prenom85', 'Lorem Ipsum', 'default.png', '41', 'Nom85.Prenom85@adressemail.com', 'f90d4f5a7a011c103ebad8c328423649d7f0734dc3cb51070c200e2e169b7e26'),
(86, 'Nom86', 'Prenom86', 'Lorem Ipsum', 'default.png', '86', 'Nom86.Prenom86@adressemail.com', 'f90d4f5a7a011c103ebad8c328423649d7f0734dc3cb51070c200e2e169b7e26'),
(87, 'Nom87', 'Prenom87', 'Lorem Ipsum', 'default.png', '48', 'Nom87.Prenom87@adressemail.com', 'f90d4f5a7a011c103ebad8c328423649d7f0734dc3cb51070c200e2e169b7e26'),
(88, 'Nom88', 'Prenom88', 'Lorem Ipsum', 'default.png', '6', 'Nom88.Prenom88@adressemail.com', 'f90d4f5a7a011c103ebad8c328423649d7f0734dc3cb51070c200e2e169b7e26'),
(89, 'Nom89', 'Prenom89', 'Lorem Ipsum', 'default.png', '57', 'Nom89.Prenom89@adressemail.com', 'f90d4f5a7a011c103ebad8c328423649d7f0734dc3cb51070c200e2e169b7e26'),
(90, 'Nom90', 'Prenom90', 'Lorem Ipsum', 'default.png', '67', 'Nom90.Prenom90@adressemail.com', 'f90d4f5a7a011c103ebad8c328423649d7f0734dc3cb51070c200e2e169b7e26'),
(91, 'Nom91', 'Prenom91', 'Lorem Ipsum', 'default.png', '49', 'Nom91.Prenom91@adressemail.com', 'f90d4f5a7a011c103ebad8c328423649d7f0734dc3cb51070c200e2e169b7e26'),
(92, 'Nom92', 'Prenom92', 'Lorem Ipsum', 'default.png', '15', 'Nom92.Prenom92@adressemail.com', 'f90d4f5a7a011c103ebad8c328423649d7f0734dc3cb51070c200e2e169b7e26'),
(93, 'Nom93', 'Prenom93', 'Lorem Ipsum', 'default.png', '71', 'Nom93.Prenom93@adressemail.com', 'f90d4f5a7a011c103ebad8c328423649d7f0734dc3cb51070c200e2e169b7e26'),
(94, 'Nom94', 'Prenom94', 'Lorem Ipsum', 'default.png', '39', 'Nom94.Prenom94@adressemail.com', 'f90d4f5a7a011c103ebad8c328423649d7f0734dc3cb51070c200e2e169b7e26'),
(95, 'Nom95', 'Prenom95', 'Lorem Ipsum', 'default.png', '39', 'Nom95.Prenom95@adressemail.com', 'f90d4f5a7a011c103ebad8c328423649d7f0734dc3cb51070c200e2e169b7e26'),
(96, 'Nom96', 'Prenom96', 'Lorem Ipsum', 'default.png', '31', 'Nom96.Prenom96@adressemail.com', 'f90d4f5a7a011c103ebad8c328423649d7f0734dc3cb51070c200e2e169b7e26'),
(97, 'Nom97', 'Prenom97', 'Lorem Ipsum', 'default.png', '19', 'Nom97.Prenom97@adressemail.com', 'f90d4f5a7a011c103ebad8c328423649d7f0734dc3cb51070c200e2e169b7e26'),
(98, 'Nom98', 'Prenom98', 'Lorem Ipsum', 'default.png', '29', 'Nom98.Prenom98@adressemail.com', 'f90d4f5a7a011c103ebad8c328423649d7f0734dc3cb51070c200e2e169b7e26'),
(99, 'Nom99', 'Prenom99', 'Lorem Ipsum', 'default.png', '40', 'Nom99.Prenom99@adressemail.com', 'f90d4f5a7a011c103ebad8c328423649d7f0734dc3cb51070c200e2e169b7e26'),
(100, 'Nom100', 'Prenom100', 'Lorem Ipsum', 'default.png', '74', 'Nom100.Prenom100@adressemail.com', 'f90d4f5a7a011c103ebad8c328423649d7f0734dc3cb51070c200e2e169b7e26'),
(101, 'Nom101', 'Prenom101', 'Lorem Ipsum', 'default.png', '84', 'Nom101.Prenom101@adressemail.com', 'f90d4f5a7a011c103ebad8c328423649d7f0734dc3cb51070c200e2e169b7e26'),
(102, 'Nom102', 'Prenom102', 'Lorem Ipsum', 'default.png', '17', 'Nom102.Prenom102@adressemail.com', 'f90d4f5a7a011c103ebad8c328423649d7f0734dc3cb51070c200e2e169b7e26'),
(103, 'Nom103', 'Prenom103', 'Lorem Ipsum', 'default.png', '28', 'Nom103.Prenom103@adressemail.com', 'f90d4f5a7a011c103ebad8c328423649d7f0734dc3cb51070c200e2e169b7e26'),
(104, 'Nom104', 'Prenom104', 'Lorem Ipsum', 'default.png', '45', 'Nom104.Prenom104@adressemail.com', 'f90d4f5a7a011c103ebad8c328423649d7f0734dc3cb51070c200e2e169b7e26'),
(105, 'Nom105', 'Prenom105', 'Lorem Ipsum', 'default.png', '48', 'Nom105.Prenom105@adressemail.com', 'f90d4f5a7a011c103ebad8c328423649d7f0734dc3cb51070c200e2e169b7e26'),
(106, 'Nom106', 'Prenom106', 'Lorem Ipsum', 'default.png', '34', 'Nom106.Prenom106@adressemail.com', 'f90d4f5a7a011c103ebad8c328423649d7f0734dc3cb51070c200e2e169b7e26'),
(107, 'Nom107', 'Prenom107', 'Lorem Ipsum', 'default.png', '50', 'Nom107.Prenom107@adressemail.com', 'f90d4f5a7a011c103ebad8c328423649d7f0734dc3cb51070c200e2e169b7e26'),
(108, 'Nom108', 'Prenom108', 'Lorem Ipsum', 'default.png', '63', 'Nom108.Prenom108@adressemail.com', 'f90d4f5a7a011c103ebad8c328423649d7f0734dc3cb51070c200e2e169b7e26'),
(109, 'Nom109', 'Prenom109', 'Lorem Ipsum', 'default.png', '94', 'Nom109.Prenom109@adressemail.com', 'f90d4f5a7a011c103ebad8c328423649d7f0734dc3cb51070c200e2e169b7e26'),
(110, 'Nom110', 'Prenom110', 'Lorem Ipsum', 'default.png', '94', 'Nom110.Prenom110@adressemail.com', 'f90d4f5a7a011c103ebad8c328423649d7f0734dc3cb51070c200e2e169b7e26'),
(111, 'Nom111', 'Prenom111', 'Lorem Ipsum', 'default.png', '39', 'Nom111.Prenom111@adressemail.com', 'f90d4f5a7a011c103ebad8c328423649d7f0734dc3cb51070c200e2e169b7e26'),
(112, 'Nom112', 'Prenom112', 'Lorem Ipsum', 'default.png', '43', 'Nom112.Prenom112@adressemail.com', 'f90d4f5a7a011c103ebad8c328423649d7f0734dc3cb51070c200e2e169b7e26'),
(113, 'Nom113', 'Prenom113', 'Lorem Ipsum', 'default.png', '11', 'Nom113.Prenom113@adressemail.com', 'f90d4f5a7a011c103ebad8c328423649d7f0734dc3cb51070c200e2e169b7e26'),
(114, 'Nom114', 'Prenom114', 'Lorem Ipsum', 'default.png', '5', 'Nom114.Prenom114@adressemail.com', 'f90d4f5a7a011c103ebad8c328423649d7f0734dc3cb51070c200e2e169b7e26'),
(115, 'Nom115', 'Prenom115', 'Lorem Ipsum', 'default.png', '8', 'Nom115.Prenom115@adressemail.com', 'f90d4f5a7a011c103ebad8c328423649d7f0734dc3cb51070c200e2e169b7e26'),
(116, 'Nom116', 'Prenom116', 'Lorem Ipsum', 'default.png', '14', 'Nom116.Prenom116@adressemail.com', 'f90d4f5a7a011c103ebad8c328423649d7f0734dc3cb51070c200e2e169b7e26'),
(117, 'Nom117', 'Prenom117', 'Lorem Ipsum', 'default.png', '9', 'Nom117.Prenom117@adressemail.com', 'f90d4f5a7a011c103ebad8c328423649d7f0734dc3cb51070c200e2e169b7e26'),
(118, 'Nom118', 'Prenom118', 'Lorem Ipsum', 'default.png', '37', 'Nom118.Prenom118@adressemail.com', 'f90d4f5a7a011c103ebad8c328423649d7f0734dc3cb51070c200e2e169b7e26'),
(119, 'Nom119', 'Prenom119', 'Lorem Ipsum', 'default.png', '79', 'Nom119.Prenom119@adressemail.com', 'f90d4f5a7a011c103ebad8c328423649d7f0734dc3cb51070c200e2e169b7e26'),
(120, 'Nom120', 'Prenom120', 'Lorem Ipsum', 'default.png', '75', 'Nom120.Prenom120@adressemail.com', 'f90d4f5a7a011c103ebad8c328423649d7f0734dc3cb51070c200e2e169b7e26'),
(121, 'Nom121', 'Prenom121', 'Lorem Ipsum', 'default.png', '53', 'Nom121.Prenom121@adressemail.com', 'f90d4f5a7a011c103ebad8c328423649d7f0734dc3cb51070c200e2e169b7e26'),
(122, 'Nom122', 'Prenom122', 'Lorem Ipsum', 'default.png', '22', 'Nom122.Prenom122@adressemail.com', 'f90d4f5a7a011c103ebad8c328423649d7f0734dc3cb51070c200e2e169b7e26'),
(123, 'Nom123', 'Prenom123', 'Lorem Ipsum', 'default.png', '21', 'Nom123.Prenom123@adressemail.com', 'f90d4f5a7a011c103ebad8c328423649d7f0734dc3cb51070c200e2e169b7e26'),
(124, 'Nom124', 'Prenom124', 'Lorem Ipsum', 'default.png', '28', 'Nom124.Prenom124@adressemail.com', 'f90d4f5a7a011c103ebad8c328423649d7f0734dc3cb51070c200e2e169b7e26'),
(125, 'Nom125', 'Prenom125', 'Lorem Ipsum', 'default.png', '25', 'Nom125.Prenom125@adressemail.com', 'f90d4f5a7a011c103ebad8c328423649d7f0734dc3cb51070c200e2e169b7e26'),
(126, 'Nom126', 'Prenom126', 'Lorem Ipsum', 'default.png', '31', 'Nom126.Prenom126@adressemail.com', 'f90d4f5a7a011c103ebad8c328423649d7f0734dc3cb51070c200e2e169b7e26'),
(127, 'Nom127', 'Prenom127', 'Lorem Ipsum', 'default.png', '76', 'Nom127.Prenom127@adressemail.com', 'f90d4f5a7a011c103ebad8c328423649d7f0734dc3cb51070c200e2e169b7e26'),
(128, 'Nom128', 'Prenom128', 'Lorem Ipsum', 'default.png', '49', 'Nom128.Prenom128@adressemail.com', 'f90d4f5a7a011c103ebad8c328423649d7f0734dc3cb51070c200e2e169b7e26'),
(129, 'Nom129', 'Prenom129', 'Lorem Ipsum', 'default.png', '88', 'Nom129.Prenom129@adressemail.com', 'f90d4f5a7a011c103ebad8c328423649d7f0734dc3cb51070c200e2e169b7e26'),
(130, 'Nom130', 'Prenom130', 'Lorem Ipsum', 'default.png', '67', 'Nom130.Prenom130@adressemail.com', 'f90d4f5a7a011c103ebad8c328423649d7f0734dc3cb51070c200e2e169b7e26'),
(131, 'Nom131', 'Prenom131', 'Lorem Ipsum', 'default.png', '95', 'Nom131.Prenom131@adressemail.com', 'f90d4f5a7a011c103ebad8c328423649d7f0734dc3cb51070c200e2e169b7e26'),
(132, 'Nom132', 'Prenom132', 'Lorem Ipsum', 'default.png', '40', 'Nom132.Prenom132@adressemail.com', 'f90d4f5a7a011c103ebad8c328423649d7f0734dc3cb51070c200e2e169b7e26'),
(133, 'Nom133', 'Prenom133', 'Lorem Ipsum', 'default.png', '11', 'Nom133.Prenom133@adressemail.com', 'f90d4f5a7a011c103ebad8c328423649d7f0734dc3cb51070c200e2e169b7e26'),
(134, 'Nom134', 'Prenom134', 'Lorem Ipsum', 'default.png', '29', 'Nom134.Prenom134@adressemail.com', 'f90d4f5a7a011c103ebad8c328423649d7f0734dc3cb51070c200e2e169b7e26'),
(135, 'Nom135', 'Prenom135', 'Lorem Ipsum', 'default.png', '9', 'Nom135.Prenom135@adressemail.com', 'f90d4f5a7a011c103ebad8c328423649d7f0734dc3cb51070c200e2e169b7e26'),
(136, 'Nom136', 'Prenom136', 'Lorem Ipsum', 'default.png', '90', 'Nom136.Prenom136@adressemail.com', 'f90d4f5a7a011c103ebad8c328423649d7f0734dc3cb51070c200e2e169b7e26'),
(137, 'Nom137', 'Prenom137', 'Lorem Ipsum', 'default.png', '31', 'Nom137.Prenom137@adressemail.com', 'f90d4f5a7a011c103ebad8c328423649d7f0734dc3cb51070c200e2e169b7e26'),
(138, 'Nom138', 'Prenom138', 'Lorem Ipsum', 'default.png', '53', 'Nom138.Prenom138@adressemail.com', 'f90d4f5a7a011c103ebad8c328423649d7f0734dc3cb51070c200e2e169b7e26'),
(139, 'Nom139', 'Prenom139', 'Lorem Ipsum', 'default.png', '43', 'Nom139.Prenom139@adressemail.com', 'f90d4f5a7a011c103ebad8c328423649d7f0734dc3cb51070c200e2e169b7e26'),
(140, 'Nom140', 'Prenom140', 'Lorem Ipsum', 'default.png', '79', 'Nom140.Prenom140@adressemail.com', 'f90d4f5a7a011c103ebad8c328423649d7f0734dc3cb51070c200e2e169b7e26'),
(141, 'Nom141', 'Prenom141', 'Lorem Ipsum', 'default.png', '63', 'Nom141.Prenom141@adressemail.com', 'f90d4f5a7a011c103ebad8c328423649d7f0734dc3cb51070c200e2e169b7e26'),
(142, 'Nom142', 'Prenom142', 'Lorem Ipsum', 'default.png', '7', 'Nom142.Prenom142@adressemail.com', 'f90d4f5a7a011c103ebad8c328423649d7f0734dc3cb51070c200e2e169b7e26'),
(143, 'Nom143', 'Prenom143', 'Lorem Ipsum', 'default.png', '17', 'Nom143.Prenom143@adressemail.com', 'f90d4f5a7a011c103ebad8c328423649d7f0734dc3cb51070c200e2e169b7e26'),
(144, 'Nom144', 'Prenom144', 'Lorem Ipsum', 'default.png', '80', 'Nom144.Prenom144@adressemail.com', 'f90d4f5a7a011c103ebad8c328423649d7f0734dc3cb51070c200e2e169b7e26'),
(145, 'Nom145', 'Prenom145', 'Lorem Ipsum', 'default.png', '67', 'Nom145.Prenom145@adressemail.com', 'f90d4f5a7a011c103ebad8c328423649d7f0734dc3cb51070c200e2e169b7e26'),
(146, 'Nom146', 'Prenom146', 'Lorem Ipsum', 'default.png', '65', 'Nom146.Prenom146@adressemail.com', 'f90d4f5a7a011c103ebad8c328423649d7f0734dc3cb51070c200e2e169b7e26'),
(147, 'Nom147', 'Prenom147', 'Lorem Ipsum', 'default.png', '78', 'Nom147.Prenom147@adressemail.com', 'f90d4f5a7a011c103ebad8c328423649d7f0734dc3cb51070c200e2e169b7e26'),
(148, 'Nom148', 'Prenom148', 'Lorem Ipsum', 'default.png', '3', 'Nom148.Prenom148@adressemail.com', 'f90d4f5a7a011c103ebad8c328423649d7f0734dc3cb51070c200e2e169b7e26'),
(149, 'Nom149', 'Prenom149', 'Lorem Ipsum', 'default.png', '32', 'Nom149.Prenom149@adressemail.com', 'f90d4f5a7a011c103ebad8c328423649d7f0734dc3cb51070c200e2e169b7e26'),
(150, 'Nom150', 'Prenom150', 'Lorem Ipsum', 'default.png', '58', 'Nom150.Prenom150@adressemail.com', 'f90d4f5a7a011c103ebad8c328423649d7f0734dc3cb51070c200e2e169b7e26'),
(151, 'Nom151', 'Prenom151', 'Lorem Ipsum', 'default.png', '10', 'Nom151.Prenom151@adressemail.com', 'f90d4f5a7a011c103ebad8c328423649d7f0734dc3cb51070c200e2e169b7e26'),
(152, 'Nom152', 'Prenom152', 'Lorem Ipsum', 'default.png', '10', 'Nom152.Prenom152@adressemail.com', 'f90d4f5a7a011c103ebad8c328423649d7f0734dc3cb51070c200e2e169b7e26'),
(153, 'Nom153', 'Prenom153', 'Lorem Ipsum', 'default.png', '68', 'Nom153.Prenom153@adressemail.com', 'f90d4f5a7a011c103ebad8c328423649d7f0734dc3cb51070c200e2e169b7e26'),
(154, 'Nom154', 'Prenom154', 'Lorem Ipsum', 'default.png', '58', 'Nom154.Prenom154@adressemail.com', 'f90d4f5a7a011c103ebad8c328423649d7f0734dc3cb51070c200e2e169b7e26'),
(155, 'Nom155', 'Prenom155', 'Lorem Ipsum', 'default.png', '57', 'Nom155.Prenom155@adressemail.com', 'f90d4f5a7a011c103ebad8c328423649d7f0734dc3cb51070c200e2e169b7e26'),
(156, 'Nom156', 'Prenom156', 'Lorem Ipsum', 'default.png', '36', 'Nom156.Prenom156@adressemail.com', 'f90d4f5a7a011c103ebad8c328423649d7f0734dc3cb51070c200e2e169b7e26'),
(157, 'Nom157', 'Prenom157', 'Lorem Ipsum', 'default.png', '13', 'Nom157.Prenom157@adressemail.com', 'f90d4f5a7a011c103ebad8c328423649d7f0734dc3cb51070c200e2e169b7e26'),
(158, 'Nom158', 'Prenom158', 'Lorem Ipsum', 'default.png', '10', 'Nom158.Prenom158@adressemail.com', 'f90d4f5a7a011c103ebad8c328423649d7f0734dc3cb51070c200e2e169b7e26'),
(159, 'Nom159', 'Prenom159', 'Lorem Ipsum', 'default.png', '75', 'Nom159.Prenom159@adressemail.com', 'f90d4f5a7a011c103ebad8c328423649d7f0734dc3cb51070c200e2e169b7e26'),
(160, 'Nom160', 'Prenom160', 'Lorem Ipsum', 'default.png', '77', 'Nom160.Prenom160@adressemail.com', 'f90d4f5a7a011c103ebad8c328423649d7f0734dc3cb51070c200e2e169b7e26'),
(161, 'Nom161', 'Prenom161', 'Lorem Ipsum', 'default.png', '10', 'Nom161.Prenom161@adressemail.com', 'f90d4f5a7a011c103ebad8c328423649d7f0734dc3cb51070c200e2e169b7e26'),
(162, 'Nom162', 'Prenom162', 'Lorem Ipsum', 'default.png', '86', 'Nom162.Prenom162@adressemail.com', 'f90d4f5a7a011c103ebad8c328423649d7f0734dc3cb51070c200e2e169b7e26'),
(163, 'Nom163', 'Prenom163', 'Lorem Ipsum', 'default.png', '94', 'Nom163.Prenom163@adressemail.com', 'f90d4f5a7a011c103ebad8c328423649d7f0734dc3cb51070c200e2e169b7e26'),
(164, 'Nom164', 'Prenom164', 'Lorem Ipsum', 'default.png', '73', 'Nom164.Prenom164@adressemail.com', 'f90d4f5a7a011c103ebad8c328423649d7f0734dc3cb51070c200e2e169b7e26'),
(165, 'Nom165', 'Prenom165', 'Lorem Ipsum', 'default.png', '56', 'Nom165.Prenom165@adressemail.com', 'f90d4f5a7a011c103ebad8c328423649d7f0734dc3cb51070c200e2e169b7e26'),
(166, 'Nom166', 'Prenom166', 'Lorem Ipsum', 'default.png', '44', 'Nom166.Prenom166@adressemail.com', 'f90d4f5a7a011c103ebad8c328423649d7f0734dc3cb51070c200e2e169b7e26'),
(167, 'Nom167', 'Prenom167', 'Lorem Ipsum', 'default.png', '13', 'Nom167.Prenom167@adressemail.com', 'f90d4f5a7a011c103ebad8c328423649d7f0734dc3cb51070c200e2e169b7e26'),
(168, 'Nom168', 'Prenom168', 'Lorem Ipsum', 'default.png', '48', 'Nom168.Prenom168@adressemail.com', 'f90d4f5a7a011c103ebad8c328423649d7f0734dc3cb51070c200e2e169b7e26'),
(169, 'Nom169', 'Prenom169', 'Lorem Ipsum', 'default.png', '1', 'Nom169.Prenom169@adressemail.com', 'f90d4f5a7a011c103ebad8c328423649d7f0734dc3cb51070c200e2e169b7e26'),
(170, 'Nom170', 'Prenom170', 'Lorem Ipsum', 'default.png', '46', 'Nom170.Prenom170@adressemail.com', 'f90d4f5a7a011c103ebad8c328423649d7f0734dc3cb51070c200e2e169b7e26'),
(171, 'Nom171', 'Prenom171', 'Lorem Ipsum', 'default.png', '13', 'Nom171.Prenom171@adressemail.com', 'f90d4f5a7a011c103ebad8c328423649d7f0734dc3cb51070c200e2e169b7e26'),
(172, 'Nom172', 'Prenom172', 'Lorem Ipsum', 'default.png', '60', 'Nom172.Prenom172@adressemail.com', 'f90d4f5a7a011c103ebad8c328423649d7f0734dc3cb51070c200e2e169b7e26'),
(173, 'Nom173', 'Prenom173', 'Lorem Ipsum', 'default.png', '45', 'Nom173.Prenom173@adressemail.com', 'f90d4f5a7a011c103ebad8c328423649d7f0734dc3cb51070c200e2e169b7e26'),
(174, 'Nom174', 'Prenom174', 'Lorem Ipsum', 'default.png', '9', 'Nom174.Prenom174@adressemail.com', 'f90d4f5a7a011c103ebad8c328423649d7f0734dc3cb51070c200e2e169b7e26'),
(175, 'Nom175', 'Prenom175', 'Lorem Ipsum', 'default.png', '41', 'Nom175.Prenom175@adressemail.com', 'f90d4f5a7a011c103ebad8c328423649d7f0734dc3cb51070c200e2e169b7e26'),
(176, 'Nom176', 'Prenom176', 'Lorem Ipsum', 'default.png', '27', 'Nom176.Prenom176@adressemail.com', 'f90d4f5a7a011c103ebad8c328423649d7f0734dc3cb51070c200e2e169b7e26'),
(177, 'Nom177', 'Prenom177', 'Lorem Ipsum', 'default.png', '36', 'Nom177.Prenom177@adressemail.com', 'f90d4f5a7a011c103ebad8c328423649d7f0734dc3cb51070c200e2e169b7e26'),
(178, 'Nom178', 'Prenom178', 'Lorem Ipsum', 'default.png', '27', 'Nom178.Prenom178@adressemail.com', 'f90d4f5a7a011c103ebad8c328423649d7f0734dc3cb51070c200e2e169b7e26'),
(179, 'Nom179', 'Prenom179', 'Lorem Ipsum', 'default.png', '88', 'Nom179.Prenom179@adressemail.com', 'f90d4f5a7a011c103ebad8c328423649d7f0734dc3cb51070c200e2e169b7e26'),
(180, 'Nom180', 'Prenom180', 'Lorem Ipsum', 'default.png', '61', 'Nom180.Prenom180@adressemail.com', 'f90d4f5a7a011c103ebad8c328423649d7f0734dc3cb51070c200e2e169b7e26'),
(181, 'Nom181', 'Prenom181', 'Lorem Ipsum', 'default.png', '85', 'Nom181.Prenom181@adressemail.com', 'f90d4f5a7a011c103ebad8c328423649d7f0734dc3cb51070c200e2e169b7e26'),
(182, 'Nom182', 'Prenom182', 'Lorem Ipsum', 'default.png', '33', 'Nom182.Prenom182@adressemail.com', 'f90d4f5a7a011c103ebad8c328423649d7f0734dc3cb51070c200e2e169b7e26'),
(183, 'Nom183', 'Prenom183', 'Lorem Ipsum', 'default.png', '46', 'Nom183.Prenom183@adressemail.com', 'f90d4f5a7a011c103ebad8c328423649d7f0734dc3cb51070c200e2e169b7e26'),
(184, 'Nom184', 'Prenom184', 'Lorem Ipsum', 'default.png', '77', 'Nom184.Prenom184@adressemail.com', 'f90d4f5a7a011c103ebad8c328423649d7f0734dc3cb51070c200e2e169b7e26'),
(185, 'Nom185', 'Prenom185', 'Lorem Ipsum', 'default.png', '59', 'Nom185.Prenom185@adressemail.com', 'f90d4f5a7a011c103ebad8c328423649d7f0734dc3cb51070c200e2e169b7e26'),
(186, 'Nom186', 'Prenom186', 'Lorem Ipsum', 'default.png', '22', 'Nom186.Prenom186@adressemail.com', 'f90d4f5a7a011c103ebad8c328423649d7f0734dc3cb51070c200e2e169b7e26'),
(187, 'Nom187', 'Prenom187', 'Lorem Ipsum', 'default.png', '5', 'Nom187.Prenom187@adressemail.com', 'f90d4f5a7a011c103ebad8c328423649d7f0734dc3cb51070c200e2e169b7e26'),
(188, 'Nom188', 'Prenom188', 'Lorem Ipsum', 'default.png', '55', 'Nom188.Prenom188@adressemail.com', 'f90d4f5a7a011c103ebad8c328423649d7f0734dc3cb51070c200e2e169b7e26'),
(189, 'Nom189', 'Prenom189', 'Lorem Ipsum', 'default.png', '4', 'Nom189.Prenom189@adressemail.com', 'f90d4f5a7a011c103ebad8c328423649d7f0734dc3cb51070c200e2e169b7e26'),
(190, 'Nom190', 'Prenom190', 'Lorem Ipsum', 'default.png', '31', 'Nom190.Prenom190@adressemail.com', 'f90d4f5a7a011c103ebad8c328423649d7f0734dc3cb51070c200e2e169b7e26'),
(191, 'Nom191', 'Prenom191', 'Lorem Ipsum', 'default.png', '40', 'Nom191.Prenom191@adressemail.com', 'f90d4f5a7a011c103ebad8c328423649d7f0734dc3cb51070c200e2e169b7e26'),
(192, 'Nom192', 'Prenom192', 'Lorem Ipsum', 'default.png', '82', 'Nom192.Prenom192@adressemail.com', 'f90d4f5a7a011c103ebad8c328423649d7f0734dc3cb51070c200e2e169b7e26'),
(193, 'Nom193', 'Prenom193', 'Lorem Ipsum', 'default.png', '14', 'Nom193.Prenom193@adressemail.com', 'f90d4f5a7a011c103ebad8c328423649d7f0734dc3cb51070c200e2e169b7e26'),
(194, 'Nom194', 'Prenom194', 'Lorem Ipsum', 'default.png', '71', 'Nom194.Prenom194@adressemail.com', 'f90d4f5a7a011c103ebad8c328423649d7f0734dc3cb51070c200e2e169b7e26'),
(195, 'Nom195', 'Prenom195', 'Lorem Ipsum', 'default.png', '22', 'Nom195.Prenom195@adressemail.com', 'f90d4f5a7a011c103ebad8c328423649d7f0734dc3cb51070c200e2e169b7e26'),
(196, 'Nom196', 'Prenom196', 'Lorem Ipsum', 'default.png', '94', 'Nom196.Prenom196@adressemail.com', 'f90d4f5a7a011c103ebad8c328423649d7f0734dc3cb51070c200e2e169b7e26'),
(197, 'Nom197', 'Prenom197', 'Lorem Ipsum', 'default.png', '54', 'Nom197.Prenom197@adressemail.com', 'f90d4f5a7a011c103ebad8c328423649d7f0734dc3cb51070c200e2e169b7e26'),
(198, 'Nom198', 'Prenom198', 'Lorem Ipsum', 'default.png', '92', 'Nom198.Prenom198@adressemail.com', 'f90d4f5a7a011c103ebad8c328423649d7f0734dc3cb51070c200e2e169b7e26'),
(199, 'Nom199', 'Prenom199', 'Lorem Ipsum', 'default.png', '88', 'Nom199.Prenom199@adressemail.com', 'f90d4f5a7a011c103ebad8c328423649d7f0734dc3cb51070c200e2e169b7e26'),
(200, 'Nom200', 'Prenom200', 'Lorem Ipsum', 'default.png', '36', 'Nom200.Prenom200@adressemail.com', 'f90d4f5a7a011c103ebad8c328423649d7f0734dc3cb51070c200e2e169b7e26'),
(201, 'Nom201', 'Prenom201', 'Lorem Ipsum', 'default.png', '92', 'Nom201.Prenom201@adressemail.com', 'f90d4f5a7a011c103ebad8c328423649d7f0734dc3cb51070c200e2e169b7e26'),
(202, 'Nom202', 'Prenom202', 'Lorem Ipsum', 'default.png', '31', 'Nom202.Prenom202@adressemail.com', 'f90d4f5a7a011c103ebad8c328423649d7f0734dc3cb51070c200e2e169b7e26'),
(203, 'Nom203', 'Prenom203', 'Lorem Ipsum', 'default.png', '2', 'Nom203.Prenom203@adressemail.com', 'f90d4f5a7a011c103ebad8c328423649d7f0734dc3cb51070c200e2e169b7e26'),
(204, 'Nom204', 'Prenom204', 'Lorem Ipsum', 'default.png', '22', 'Nom204.Prenom204@adressemail.com', 'f90d4f5a7a011c103ebad8c328423649d7f0734dc3cb51070c200e2e169b7e26'),
(205, 'Nom205', 'Prenom205', 'Lorem Ipsum', 'default.png', '2', 'Nom205.Prenom205@adressemail.com', 'f90d4f5a7a011c103ebad8c328423649d7f0734dc3cb51070c200e2e169b7e26'),
(206, 'Nom206', 'Prenom206', 'Lorem Ipsum', 'default.png', '19', 'Nom206.Prenom206@adressemail.com', 'f90d4f5a7a011c103ebad8c328423649d7f0734dc3cb51070c200e2e169b7e26'),
(207, 'Nom207', 'Prenom207', 'Lorem Ipsum', 'default.png', '95', 'Nom207.Prenom207@adressemail.com', 'f90d4f5a7a011c103ebad8c328423649d7f0734dc3cb51070c200e2e169b7e26'),
(208, 'Nom208', 'Prenom208', 'Lorem Ipsum', 'default.png', '77', 'Nom208.Prenom208@adressemail.com', 'f90d4f5a7a011c103ebad8c328423649d7f0734dc3cb51070c200e2e169b7e26'),
(209, 'Nom209', 'Prenom209', 'Lorem Ipsum', 'default.png', '17', 'Nom209.Prenom209@adressemail.com', 'f90d4f5a7a011c103ebad8c328423649d7f0734dc3cb51070c200e2e169b7e26'),
(210, 'Nom210', 'Prenom210', 'Lorem Ipsum', 'default.png', '60', 'Nom210.Prenom210@adressemail.com', 'f90d4f5a7a011c103ebad8c328423649d7f0734dc3cb51070c200e2e169b7e26'),
(211, 'Nom211', 'Prenom211', 'Lorem Ipsum', 'default.png', '37', 'Nom211.Prenom211@adressemail.com', 'f90d4f5a7a011c103ebad8c328423649d7f0734dc3cb51070c200e2e169b7e26'),
(212, 'Nom212', 'Prenom212', 'Lorem Ipsum', 'default.png', '92', 'Nom212.Prenom212@adressemail.com', 'f90d4f5a7a011c103ebad8c328423649d7f0734dc3cb51070c200e2e169b7e26'),
(213, 'Nom213', 'Prenom213', 'Lorem Ipsum', 'default.png', '27', 'Nom213.Prenom213@adressemail.com', 'f90d4f5a7a011c103ebad8c328423649d7f0734dc3cb51070c200e2e169b7e26'),
(214, 'Nom214', 'Prenom214', 'Lorem Ipsum', 'default.png', '9', 'Nom214.Prenom214@adressemail.com', 'f90d4f5a7a011c103ebad8c328423649d7f0734dc3cb51070c200e2e169b7e26'),
(215, 'Nom215', 'Prenom215', 'Lorem Ipsum', 'default.png', '19', 'Nom215.Prenom215@adressemail.com', 'f90d4f5a7a011c103ebad8c328423649d7f0734dc3cb51070c200e2e169b7e26'),
(216, 'Nom216', 'Prenom216', 'Lorem Ipsum', 'default.png', '53', 'Nom216.Prenom216@adressemail.com', 'f90d4f5a7a011c103ebad8c328423649d7f0734dc3cb51070c200e2e169b7e26'),
(217, 'Nom217', 'Prenom217', 'Lorem Ipsum', 'default.png', '84', 'Nom217.Prenom217@adressemail.com', 'f90d4f5a7a011c103ebad8c328423649d7f0734dc3cb51070c200e2e169b7e26'),
(218, 'Nom218', 'Prenom218', 'Lorem Ipsum', 'default.png', '5', 'Nom218.Prenom218@adressemail.com', 'f90d4f5a7a011c103ebad8c328423649d7f0734dc3cb51070c200e2e169b7e26'),
(219, 'Nom219', 'Prenom219', 'Lorem Ipsum', 'default.png', '67', 'Nom219.Prenom219@adressemail.com', 'f90d4f5a7a011c103ebad8c328423649d7f0734dc3cb51070c200e2e169b7e26'),
(220, 'Nom220', 'Prenom220', 'Lorem Ipsum', 'default.png', '26', 'Nom220.Prenom220@adressemail.com', 'f90d4f5a7a011c103ebad8c328423649d7f0734dc3cb51070c200e2e169b7e26'),
(221, 'Nom221', 'Prenom221', 'Lorem Ipsum', 'default.png', '81', 'Nom221.Prenom221@adressemail.com', 'f90d4f5a7a011c103ebad8c328423649d7f0734dc3cb51070c200e2e169b7e26'),
(222, 'Nom222', 'Prenom222', 'Lorem Ipsum', 'default.png', '48', 'Nom222.Prenom222@adressemail.com', 'f90d4f5a7a011c103ebad8c328423649d7f0734dc3cb51070c200e2e169b7e26'),
(223, 'Nom223', 'Prenom223', 'Lorem Ipsum', 'default.png', '65', 'Nom223.Prenom223@adressemail.com', 'f90d4f5a7a011c103ebad8c328423649d7f0734dc3cb51070c200e2e169b7e26'),
(224, 'Nom224', 'Prenom224', 'Lorem Ipsum', 'default.png', '40', 'Nom224.Prenom224@adressemail.com', 'f90d4f5a7a011c103ebad8c328423649d7f0734dc3cb51070c200e2e169b7e26'),
(225, 'Nom225', 'Prenom225', 'Lorem Ipsum', 'default.png', '37', 'Nom225.Prenom225@adressemail.com', 'f90d4f5a7a011c103ebad8c328423649d7f0734dc3cb51070c200e2e169b7e26'),
(226, 'Nom226', 'Prenom226', 'Lorem Ipsum', 'default.png', '40', 'Nom226.Prenom226@adressemail.com', 'f90d4f5a7a011c103ebad8c328423649d7f0734dc3cb51070c200e2e169b7e26'),
(227, 'Nom227', 'Prenom227', 'Lorem Ipsum', 'default.png', '55', 'Nom227.Prenom227@adressemail.com', 'f90d4f5a7a011c103ebad8c328423649d7f0734dc3cb51070c200e2e169b7e26'),
(228, 'Nom228', 'Prenom228', 'Lorem Ipsum', 'default.png', '36', 'Nom228.Prenom228@adressemail.com', 'f90d4f5a7a011c103ebad8c328423649d7f0734dc3cb51070c200e2e169b7e26'),
(229, 'Nom229', 'Prenom229', 'Lorem Ipsum', 'default.png', '73', 'Nom229.Prenom229@adressemail.com', 'f90d4f5a7a011c103ebad8c328423649d7f0734dc3cb51070c200e2e169b7e26'),
(230, 'Nom230', 'Prenom230', 'Lorem Ipsum', 'default.png', '38', 'Nom230.Prenom230@adressemail.com', 'f90d4f5a7a011c103ebad8c328423649d7f0734dc3cb51070c200e2e169b7e26'),
(231, 'Nom231', 'Prenom231', 'Lorem Ipsum', 'default.png', '26', 'Nom231.Prenom231@adressemail.com', 'f90d4f5a7a011c103ebad8c328423649d7f0734dc3cb51070c200e2e169b7e26'),
(232, 'Nom232', 'Prenom232', 'Lorem Ipsum', 'default.png', '39', 'Nom232.Prenom232@adressemail.com', 'f90d4f5a7a011c103ebad8c328423649d7f0734dc3cb51070c200e2e169b7e26'),
(233, 'Nom233', 'Prenom233', 'Lorem Ipsum', 'default.png', '12', 'Nom233.Prenom233@adressemail.com', 'f90d4f5a7a011c103ebad8c328423649d7f0734dc3cb51070c200e2e169b7e26'),
(234, 'Nom234', 'Prenom234', 'Lorem Ipsum', 'default.png', '39', 'Nom234.Prenom234@adressemail.com', 'f90d4f5a7a011c103ebad8c328423649d7f0734dc3cb51070c200e2e169b7e26'),
(235, 'Nom235', 'Prenom235', 'Lorem Ipsum', 'default.png', '40', 'Nom235.Prenom235@adressemail.com', 'f90d4f5a7a011c103ebad8c328423649d7f0734dc3cb51070c200e2e169b7e26'),
(236, 'Nom236', 'Prenom236', 'Lorem Ipsum', 'default.png', '68', 'Nom236.Prenom236@adressemail.com', 'f90d4f5a7a011c103ebad8c328423649d7f0734dc3cb51070c200e2e169b7e26'),
(237, 'Nom237', 'Prenom237', 'Lorem Ipsum', 'default.png', '16', 'Nom237.Prenom237@adressemail.com', 'f90d4f5a7a011c103ebad8c328423649d7f0734dc3cb51070c200e2e169b7e26'),
(238, 'Nom238', 'Prenom238', 'Lorem Ipsum', 'default.png', '38', 'Nom238.Prenom238@adressemail.com', 'f90d4f5a7a011c103ebad8c328423649d7f0734dc3cb51070c200e2e169b7e26'),
(239, 'Nom239', 'Prenom239', 'Lorem Ipsum', 'default.png', '31', 'Nom239.Prenom239@adressemail.com', 'f90d4f5a7a011c103ebad8c328423649d7f0734dc3cb51070c200e2e169b7e26'),
(240, 'Nom240', 'Prenom240', 'Lorem Ipsum', 'default.png', '81', 'Nom240.Prenom240@adressemail.com', 'f90d4f5a7a011c103ebad8c328423649d7f0734dc3cb51070c200e2e169b7e26'),
(241, 'Nom241', 'Prenom241', 'Lorem Ipsum', 'default.png', '72', 'Nom241.Prenom241@adressemail.com', 'f90d4f5a7a011c103ebad8c328423649d7f0734dc3cb51070c200e2e169b7e26'),
(242, 'Nom242', 'Prenom242', 'Lorem Ipsum', 'default.png', '15', 'Nom242.Prenom242@adressemail.com', 'f90d4f5a7a011c103ebad8c328423649d7f0734dc3cb51070c200e2e169b7e26'),
(243, 'Nom243', 'Prenom243', 'Lorem Ipsum', 'default.png', '51', 'Nom243.Prenom243@adressemail.com', 'f90d4f5a7a011c103ebad8c328423649d7f0734dc3cb51070c200e2e169b7e26'),
(244, 'Nom244', 'Prenom244', 'Lorem Ipsum', 'default.png', '90', 'Nom244.Prenom244@adressemail.com', 'f90d4f5a7a011c103ebad8c328423649d7f0734dc3cb51070c200e2e169b7e26'),
(245, 'Nom245', 'Prenom245', 'Lorem Ipsum', 'default.png', '92', 'Nom245.Prenom245@adressemail.com', 'f90d4f5a7a011c103ebad8c328423649d7f0734dc3cb51070c200e2e169b7e26'),
(246, 'Nom246', 'Prenom246', 'Lorem Ipsum', 'default.png', '69', 'Nom246.Prenom246@adressemail.com', 'f90d4f5a7a011c103ebad8c328423649d7f0734dc3cb51070c200e2e169b7e26'),
(247, 'Nom247', 'Prenom247', 'Lorem Ipsum', 'default.png', '49', 'Nom247.Prenom247@adressemail.com', 'f90d4f5a7a011c103ebad8c328423649d7f0734dc3cb51070c200e2e169b7e26'),
(248, 'Nom248', 'Prenom248', 'Lorem Ipsum', 'default.png', '47', 'Nom248.Prenom248@adressemail.com', 'f90d4f5a7a011c103ebad8c328423649d7f0734dc3cb51070c200e2e169b7e26'),
(249, 'Nom249', 'Prenom249', 'Lorem Ipsum', 'default.png', '80', 'Nom249.Prenom249@adressemail.com', 'f90d4f5a7a011c103ebad8c328423649d7f0734dc3cb51070c200e2e169b7e26'),
(250, 'Nom250', 'Prenom250', 'Lorem Ipsum', 'default.png', '11', 'Nom250.Prenom250@adressemail.com', 'f90d4f5a7a011c103ebad8c328423649d7f0734dc3cb51070c200e2e169b7e26'),
(251, 'Nom251', 'Prenom251', 'Lorem Ipsum', 'default.png', '11', 'Nom251.Prenom251@adressemail.com', 'f90d4f5a7a011c103ebad8c328423649d7f0734dc3cb51070c200e2e169b7e26'),
(252, 'Nom252', 'Prenom252', 'Lorem Ipsum', 'default.png', '62', 'Nom252.Prenom252@adressemail.com', 'f90d4f5a7a011c103ebad8c328423649d7f0734dc3cb51070c200e2e169b7e26'),
(253, 'Nom253', 'Prenom253', 'Lorem Ipsum', 'default.png', '81', 'Nom253.Prenom253@adressemail.com', 'f90d4f5a7a011c103ebad8c328423649d7f0734dc3cb51070c200e2e169b7e26'),
(254, 'Nom254', 'Prenom254', 'Lorem Ipsum', 'default.png', '32', 'Nom254.Prenom254@adressemail.com', 'f90d4f5a7a011c103ebad8c328423649d7f0734dc3cb51070c200e2e169b7e26'),
(255, 'Nom255', 'Prenom255', 'Lorem Ipsum', 'default.png', '73', 'Nom255.Prenom255@adressemail.com', 'f90d4f5a7a011c103ebad8c328423649d7f0734dc3cb51070c200e2e169b7e26'),
(256, 'Nom256', 'Prenom256', 'Lorem Ipsum', 'default.png', '66', 'Nom256.Prenom256@adressemail.com', 'f90d4f5a7a011c103ebad8c328423649d7f0734dc3cb51070c200e2e169b7e26'),
(257, 'Nom257', 'Prenom257', 'Lorem Ipsum', 'default.png', '23', 'Nom257.Prenom257@adressemail.com', 'f90d4f5a7a011c103ebad8c328423649d7f0734dc3cb51070c200e2e169b7e26'),
(258, 'Nom258', 'Prenom258', 'Lorem Ipsum', 'default.png', '16', 'Nom258.Prenom258@adressemail.com', 'f90d4f5a7a011c103ebad8c328423649d7f0734dc3cb51070c200e2e169b7e26'),
(259, 'Nom259', 'Prenom259', 'Lorem Ipsum', 'default.png', '94', 'Nom259.Prenom259@adressemail.com', 'f90d4f5a7a011c103ebad8c328423649d7f0734dc3cb51070c200e2e169b7e26'),
(260, 'Nom260', 'Prenom260', 'Lorem Ipsum', 'default.png', '18', 'Nom260.Prenom260@adressemail.com', 'f90d4f5a7a011c103ebad8c328423649d7f0734dc3cb51070c200e2e169b7e26'),
(261, 'Nom261', 'Prenom261', 'Lorem Ipsum', 'default.png', '46', 'Nom261.Prenom261@adressemail.com', 'f90d4f5a7a011c103ebad8c328423649d7f0734dc3cb51070c200e2e169b7e26'),
(262, 'Nom262', 'Prenom262', 'Lorem Ipsum', 'default.png', '25', 'Nom262.Prenom262@adressemail.com', 'f90d4f5a7a011c103ebad8c328423649d7f0734dc3cb51070c200e2e169b7e26'),
(263, 'Nom263', 'Prenom263', 'Lorem Ipsum', 'default.png', '93', 'Nom263.Prenom263@adressemail.com', 'f90d4f5a7a011c103ebad8c328423649d7f0734dc3cb51070c200e2e169b7e26'),
(264, 'Nom264', 'Prenom264', 'Lorem Ipsum', 'default.png', '55', 'Nom264.Prenom264@adressemail.com', 'f90d4f5a7a011c103ebad8c328423649d7f0734dc3cb51070c200e2e169b7e26'),
(265, 'Nom265', 'Prenom265', 'Lorem Ipsum', 'default.png', '92', 'Nom265.Prenom265@adressemail.com', 'f90d4f5a7a011c103ebad8c328423649d7f0734dc3cb51070c200e2e169b7e26'),
(266, 'Nom266', 'Prenom266', 'Lorem Ipsum', 'default.png', '43', 'Nom266.Prenom266@adressemail.com', 'f90d4f5a7a011c103ebad8c328423649d7f0734dc3cb51070c200e2e169b7e26'),
(267, 'Nom267', 'Prenom267', 'Lorem Ipsum', 'default.png', '22', 'Nom267.Prenom267@adressemail.com', 'f90d4f5a7a011c103ebad8c328423649d7f0734dc3cb51070c200e2e169b7e26'),
(268, 'Nom268', 'Prenom268', 'Lorem Ipsum', 'default.png', '58', 'Nom268.Prenom268@adressemail.com', 'f90d4f5a7a011c103ebad8c328423649d7f0734dc3cb51070c200e2e169b7e26'),
(269, 'Nom269', 'Prenom269', 'Lorem Ipsum', 'default.png', '47', 'Nom269.Prenom269@adressemail.com', 'f90d4f5a7a011c103ebad8c328423649d7f0734dc3cb51070c200e2e169b7e26'),
(270, 'Nom270', 'Prenom270', 'Lorem Ipsum', 'default.png', '56', 'Nom270.Prenom270@adressemail.com', 'f90d4f5a7a011c103ebad8c328423649d7f0734dc3cb51070c200e2e169b7e26'),
(271, 'Nom271', 'Prenom271', 'Lorem Ipsum', 'default.png', '65', 'Nom271.Prenom271@adressemail.com', 'f90d4f5a7a011c103ebad8c328423649d7f0734dc3cb51070c200e2e169b7e26'),
(272, 'Nom272', 'Prenom272', 'Lorem Ipsum', 'default.png', '69', 'Nom272.Prenom272@adressemail.com', 'f90d4f5a7a011c103ebad8c328423649d7f0734dc3cb51070c200e2e169b7e26'),
(273, 'Nom273', 'Prenom273', 'Lorem Ipsum', 'default.png', '11', 'Nom273.Prenom273@adressemail.com', 'f90d4f5a7a011c103ebad8c328423649d7f0734dc3cb51070c200e2e169b7e26'),
(274, 'Nom274', 'Prenom274', 'Lorem Ipsum', 'default.png', '16', 'Nom274.Prenom274@adressemail.com', 'f90d4f5a7a011c103ebad8c328423649d7f0734dc3cb51070c200e2e169b7e26'),
(275, 'Nom275', 'Prenom275', 'Lorem Ipsum', 'default.png', '11', 'Nom275.Prenom275@adressemail.com', 'f90d4f5a7a011c103ebad8c328423649d7f0734dc3cb51070c200e2e169b7e26'),
(276, 'Nom276', 'Prenom276', 'Lorem Ipsum', 'default.png', '64', 'Nom276.Prenom276@adressemail.com', 'f90d4f5a7a011c103ebad8c328423649d7f0734dc3cb51070c200e2e169b7e26'),
(277, 'Nom277', 'Prenom277', 'Lorem Ipsum', 'default.png', '85', 'Nom277.Prenom277@adressemail.com', 'f90d4f5a7a011c103ebad8c328423649d7f0734dc3cb51070c200e2e169b7e26'),
(278, 'Nom278', 'Prenom278', 'Lorem Ipsum', 'default.png', '94', 'Nom278.Prenom278@adressemail.com', 'f90d4f5a7a011c103ebad8c328423649d7f0734dc3cb51070c200e2e169b7e26'),
(279, 'Nom279', 'Prenom279', 'Lorem Ipsum', 'default.png', '6', 'Nom279.Prenom279@adressemail.com', 'f90d4f5a7a011c103ebad8c328423649d7f0734dc3cb51070c200e2e169b7e26'),
(280, 'Nom280', 'Prenom280', 'Lorem Ipsum', 'default.png', '84', 'Nom280.Prenom280@adressemail.com', 'f90d4f5a7a011c103ebad8c328423649d7f0734dc3cb51070c200e2e169b7e26'),
(281, 'Nom281', 'Prenom281', 'Lorem Ipsum', 'default.png', '76', 'Nom281.Prenom281@adressemail.com', 'f90d4f5a7a011c103ebad8c328423649d7f0734dc3cb51070c200e2e169b7e26'),
(282, 'Nom282', 'Prenom282', 'Lorem Ipsum', 'default.png', '89', 'Nom282.Prenom282@adressemail.com', 'f90d4f5a7a011c103ebad8c328423649d7f0734dc3cb51070c200e2e169b7e26'),
(283, 'Nom283', 'Prenom283', 'Lorem Ipsum', 'default.png', '13', 'Nom283.Prenom283@adressemail.com', 'f90d4f5a7a011c103ebad8c328423649d7f0734dc3cb51070c200e2e169b7e26'),
(284, 'Nom284', 'Prenom284', 'Lorem Ipsum', 'default.png', '8', 'Nom284.Prenom284@adressemail.com', 'f90d4f5a7a011c103ebad8c328423649d7f0734dc3cb51070c200e2e169b7e26'),
(285, 'Nom285', 'Prenom285', 'Lorem Ipsum', 'default.png', '7', 'Nom285.Prenom285@adressemail.com', 'f90d4f5a7a011c103ebad8c328423649d7f0734dc3cb51070c200e2e169b7e26'),
(286, 'Nom286', 'Prenom286', 'Lorem Ipsum', 'default.png', '74', 'Nom286.Prenom286@adressemail.com', 'f90d4f5a7a011c103ebad8c328423649d7f0734dc3cb51070c200e2e169b7e26'),
(287, 'Nom287', 'Prenom287', 'Lorem Ipsum', 'default.png', '56', 'Nom287.Prenom287@adressemail.com', 'f90d4f5a7a011c103ebad8c328423649d7f0734dc3cb51070c200e2e169b7e26'),
(288, 'Nom288', 'Prenom288', 'Lorem Ipsum', 'default.png', '53', 'Nom288.Prenom288@adressemail.com', 'f90d4f5a7a011c103ebad8c328423649d7f0734dc3cb51070c200e2e169b7e26'),
(289, 'Nom289', 'Prenom289', 'Lorem Ipsum', 'default.png', '32', 'Nom289.Prenom289@adressemail.com', 'f90d4f5a7a011c103ebad8c328423649d7f0734dc3cb51070c200e2e169b7e26'),
(290, 'Nom290', 'Prenom290', 'Lorem Ipsum', 'default.png', '71', 'Nom290.Prenom290@adressemail.com', 'f90d4f5a7a011c103ebad8c328423649d7f0734dc3cb51070c200e2e169b7e26'),
(291, 'Nom291', 'Prenom291', 'Lorem Ipsum', 'default.png', '88', 'Nom291.Prenom291@adressemail.com', 'f90d4f5a7a011c103ebad8c328423649d7f0734dc3cb51070c200e2e169b7e26'),
(292, 'Nom292', 'Prenom292', 'Lorem Ipsum', 'default.png', '7', 'Nom292.Prenom292@adressemail.com', 'f90d4f5a7a011c103ebad8c328423649d7f0734dc3cb51070c200e2e169b7e26'),
(293, 'Nom293', 'Prenom293', 'Lorem Ipsum', 'default.png', '39', 'Nom293.Prenom293@adressemail.com', 'f90d4f5a7a011c103ebad8c328423649d7f0734dc3cb51070c200e2e169b7e26'),
(294, 'Nom294', 'Prenom294', 'Lorem Ipsum', 'default.png', '54', 'Nom294.Prenom294@adressemail.com', 'f90d4f5a7a011c103ebad8c328423649d7f0734dc3cb51070c200e2e169b7e26'),
(295, 'Nom295', 'Prenom295', 'Lorem Ipsum', 'default.png', '48', 'Nom295.Prenom295@adressemail.com', 'f90d4f5a7a011c103ebad8c328423649d7f0734dc3cb51070c200e2e169b7e26'),
(296, 'Nom296', 'Prenom296', 'Lorem Ipsum', 'default.png', '54', 'Nom296.Prenom296@adressemail.com', 'f90d4f5a7a011c103ebad8c328423649d7f0734dc3cb51070c200e2e169b7e26'),
(297, 'Nom297', 'Prenom297', 'Lorem Ipsum', 'default.png', '26', 'Nom297.Prenom297@adressemail.com', 'f90d4f5a7a011c103ebad8c328423649d7f0734dc3cb51070c200e2e169b7e26'),
(298, 'Nom298', 'Prenom298', 'Lorem Ipsum', 'default.png', '87', 'Nom298.Prenom298@adressemail.com', 'f90d4f5a7a011c103ebad8c328423649d7f0734dc3cb51070c200e2e169b7e26'),
(299, 'Nom299', 'Prenom299', 'Lorem Ipsum', 'default.png', '30', 'Nom299.Prenom299@adressemail.com', 'f90d4f5a7a011c103ebad8c328423649d7f0734dc3cb51070c200e2e169b7e26'),
(300, 'Nom300', 'Prenom300', 'Lorem Ipsum', 'default.png', '74', 'Nom300.Prenom300@adressemail.com', 'f90d4f5a7a011c103ebad8c328423649d7f0734dc3cb51070c200e2e169b7e26');
INSERT INTO `personne` (`id_personne`, `nom`, `prenom`, `Description`, `photo`, `id_departement`, `mail`, `mdpHash`) VALUES
(301, 'Nom301', 'Prenom301', 'Lorem Ipsum', 'default.png', '38', 'Nom301.Prenom301@adressemail.com', 'f90d4f5a7a011c103ebad8c328423649d7f0734dc3cb51070c200e2e169b7e26'),
(302, 'Nom302', 'Prenom302', 'Lorem Ipsum', 'default.png', '83', 'Nom302.Prenom302@adressemail.com', 'f90d4f5a7a011c103ebad8c328423649d7f0734dc3cb51070c200e2e169b7e26'),
(303, 'Nom303', 'Prenom303', 'Lorem Ipsum', 'default.png', '56', 'Nom303.Prenom303@adressemail.com', 'f90d4f5a7a011c103ebad8c328423649d7f0734dc3cb51070c200e2e169b7e26'),
(304, 'Nom304', 'Prenom304', 'Lorem Ipsum', 'default.png', '53', 'Nom304.Prenom304@adressemail.com', 'f90d4f5a7a011c103ebad8c328423649d7f0734dc3cb51070c200e2e169b7e26'),
(305, 'Nom305', 'Prenom305', 'Lorem Ipsum', 'default.png', '74', 'Nom305.Prenom305@adressemail.com', 'f90d4f5a7a011c103ebad8c328423649d7f0734dc3cb51070c200e2e169b7e26'),
(306, 'Nom306', 'Prenom306', 'Lorem Ipsum', 'default.png', '94', 'Nom306.Prenom306@adressemail.com', 'f90d4f5a7a011c103ebad8c328423649d7f0734dc3cb51070c200e2e169b7e26'),
(307, 'Nom307', 'Prenom307', 'Lorem Ipsum', 'default.png', '33', 'Nom307.Prenom307@adressemail.com', 'f90d4f5a7a011c103ebad8c328423649d7f0734dc3cb51070c200e2e169b7e26'),
(308, 'Nom308', 'Prenom308', 'Lorem Ipsum', 'default.png', '60', 'Nom308.Prenom308@adressemail.com', 'f90d4f5a7a011c103ebad8c328423649d7f0734dc3cb51070c200e2e169b7e26'),
(309, 'Nom309', 'Prenom309', 'Lorem Ipsum', 'default.png', '81', 'Nom309.Prenom309@adressemail.com', 'f90d4f5a7a011c103ebad8c328423649d7f0734dc3cb51070c200e2e169b7e26'),
(310, 'Nom310', 'Prenom310', 'Lorem Ipsum', 'default.png', '40', 'Nom310.Prenom310@adressemail.com', 'f90d4f5a7a011c103ebad8c328423649d7f0734dc3cb51070c200e2e169b7e26'),
(311, 'Nom311', 'Prenom311', 'Lorem Ipsum', 'default.png', '59', 'Nom311.Prenom311@adressemail.com', 'f90d4f5a7a011c103ebad8c328423649d7f0734dc3cb51070c200e2e169b7e26'),
(312, 'Nom312', 'Prenom312', 'Lorem Ipsum', 'default.png', '77', 'Nom312.Prenom312@adressemail.com', 'f90d4f5a7a011c103ebad8c328423649d7f0734dc3cb51070c200e2e169b7e26'),
(313, 'Nom313', 'Prenom313', 'Lorem Ipsum', 'default.png', '72', 'Nom313.Prenom313@adressemail.com', 'f90d4f5a7a011c103ebad8c328423649d7f0734dc3cb51070c200e2e169b7e26'),
(314, 'Nom314', 'Prenom314', 'Lorem Ipsum', 'default.png', '45', 'Nom314.Prenom314@adressemail.com', 'f90d4f5a7a011c103ebad8c328423649d7f0734dc3cb51070c200e2e169b7e26'),
(315, 'Nom315', 'Prenom315', 'Lorem Ipsum', 'default.png', '93', 'Nom315.Prenom315@adressemail.com', 'f90d4f5a7a011c103ebad8c328423649d7f0734dc3cb51070c200e2e169b7e26'),
(316, 'Nom316', 'Prenom316', 'Lorem Ipsum', 'default.png', '25', 'Nom316.Prenom316@adressemail.com', 'f90d4f5a7a011c103ebad8c328423649d7f0734dc3cb51070c200e2e169b7e26'),
(317, 'Nom317', 'Prenom317', 'Lorem Ipsum', 'default.png', '41', 'Nom317.Prenom317@adressemail.com', 'f90d4f5a7a011c103ebad8c328423649d7f0734dc3cb51070c200e2e169b7e26'),
(318, 'Nom318', 'Prenom318', 'Lorem Ipsum', 'default.png', '9', 'Nom318.Prenom318@adressemail.com', 'f90d4f5a7a011c103ebad8c328423649d7f0734dc3cb51070c200e2e169b7e26'),
(319, 'Nom319', 'Prenom319', 'Lorem Ipsum', 'default.png', '6', 'Nom319.Prenom319@adressemail.com', 'f90d4f5a7a011c103ebad8c328423649d7f0734dc3cb51070c200e2e169b7e26'),
(320, 'Nom320', 'Prenom320', 'Lorem Ipsum', 'default.png', '4', 'Nom320.Prenom320@adressemail.com', 'f90d4f5a7a011c103ebad8c328423649d7f0734dc3cb51070c200e2e169b7e26'),
(321, 'Nom321', 'Prenom321', 'Lorem Ipsum', 'default.png', '82', 'Nom321.Prenom321@adressemail.com', 'f90d4f5a7a011c103ebad8c328423649d7f0734dc3cb51070c200e2e169b7e26'),
(322, 'Nom322', 'Prenom322', 'Lorem Ipsum', 'default.png', '18', 'Nom322.Prenom322@adressemail.com', 'f90d4f5a7a011c103ebad8c328423649d7f0734dc3cb51070c200e2e169b7e26'),
(323, 'Nom323', 'Prenom323', 'Lorem Ipsum', 'default.png', '82', 'Nom323.Prenom323@adressemail.com', 'f90d4f5a7a011c103ebad8c328423649d7f0734dc3cb51070c200e2e169b7e26'),
(324, 'Nom324', 'Prenom324', 'Lorem Ipsum', 'default.png', '53', 'Nom324.Prenom324@adressemail.com', 'f90d4f5a7a011c103ebad8c328423649d7f0734dc3cb51070c200e2e169b7e26'),
(325, 'Nom325', 'Prenom325', 'Lorem Ipsum', 'default.png', '94', 'Nom325.Prenom325@adressemail.com', 'f90d4f5a7a011c103ebad8c328423649d7f0734dc3cb51070c200e2e169b7e26'),
(326, 'Nom326', 'Prenom326', 'Lorem Ipsum', 'default.png', '40', 'Nom326.Prenom326@adressemail.com', 'f90d4f5a7a011c103ebad8c328423649d7f0734dc3cb51070c200e2e169b7e26'),
(327, 'Nom327', 'Prenom327', 'Lorem Ipsum', 'default.png', '92', 'Nom327.Prenom327@adressemail.com', 'f90d4f5a7a011c103ebad8c328423649d7f0734dc3cb51070c200e2e169b7e26'),
(328, 'Nom328', 'Prenom328', 'Lorem Ipsum', 'default.png', '51', 'Nom328.Prenom328@adressemail.com', 'f90d4f5a7a011c103ebad8c328423649d7f0734dc3cb51070c200e2e169b7e26'),
(329, 'Nom329', 'Prenom329', 'Lorem Ipsum', 'default.png', '30', 'Nom329.Prenom329@adressemail.com', 'f90d4f5a7a011c103ebad8c328423649d7f0734dc3cb51070c200e2e169b7e26'),
(330, 'Nom330', 'Prenom330', 'Lorem Ipsum', 'default.png', '60', 'Nom330.Prenom330@adressemail.com', 'f90d4f5a7a011c103ebad8c328423649d7f0734dc3cb51070c200e2e169b7e26'),
(331, 'Nom331', 'Prenom331', 'Lorem Ipsum', 'default.png', '12', 'Nom331.Prenom331@adressemail.com', 'f90d4f5a7a011c103ebad8c328423649d7f0734dc3cb51070c200e2e169b7e26'),
(332, 'Nom332', 'Prenom332', 'Lorem Ipsum', 'default.png', '60', 'Nom332.Prenom332@adressemail.com', 'f90d4f5a7a011c103ebad8c328423649d7f0734dc3cb51070c200e2e169b7e26'),
(333, 'Nom333', 'Prenom333', 'Lorem Ipsum', 'default.png', '69', 'Nom333.Prenom333@adressemail.com', 'f90d4f5a7a011c103ebad8c328423649d7f0734dc3cb51070c200e2e169b7e26'),
(334, 'Nom334', 'Prenom334', 'Lorem Ipsum', 'default.png', '79', 'Nom334.Prenom334@adressemail.com', 'f90d4f5a7a011c103ebad8c328423649d7f0734dc3cb51070c200e2e169b7e26'),
(335, 'Nom335', 'Prenom335', 'Lorem Ipsum', 'default.png', '42', 'Nom335.Prenom335@adressemail.com', 'f90d4f5a7a011c103ebad8c328423649d7f0734dc3cb51070c200e2e169b7e26'),
(336, 'Nom336', 'Prenom336', 'Lorem Ipsum', 'default.png', '21', 'Nom336.Prenom336@adressemail.com', 'f90d4f5a7a011c103ebad8c328423649d7f0734dc3cb51070c200e2e169b7e26'),
(337, 'Nom337', 'Prenom337', 'Lorem Ipsum', 'default.png', '3', 'Nom337.Prenom337@adressemail.com', 'f90d4f5a7a011c103ebad8c328423649d7f0734dc3cb51070c200e2e169b7e26'),
(338, 'Nom338', 'Prenom338', 'Lorem Ipsum', 'default.png', '58', 'Nom338.Prenom338@adressemail.com', 'f90d4f5a7a011c103ebad8c328423649d7f0734dc3cb51070c200e2e169b7e26'),
(339, 'Nom339', 'Prenom339', 'Lorem Ipsum', 'default.png', '60', 'Nom339.Prenom339@adressemail.com', 'f90d4f5a7a011c103ebad8c328423649d7f0734dc3cb51070c200e2e169b7e26'),
(340, 'Nom340', 'Prenom340', 'Lorem Ipsum', 'default.png', '76', 'Nom340.Prenom340@adressemail.com', 'f90d4f5a7a011c103ebad8c328423649d7f0734dc3cb51070c200e2e169b7e26'),
(341, 'Nom341', 'Prenom341', 'Lorem Ipsum', 'default.png', '56', 'Nom341.Prenom341@adressemail.com', 'f90d4f5a7a011c103ebad8c328423649d7f0734dc3cb51070c200e2e169b7e26'),
(342, 'Nom342', 'Prenom342', 'Lorem Ipsum', 'default.png', '85', 'Nom342.Prenom342@adressemail.com', 'f90d4f5a7a011c103ebad8c328423649d7f0734dc3cb51070c200e2e169b7e26'),
(343, 'Nom343', 'Prenom343', 'Lorem Ipsum', 'default.png', '62', 'Nom343.Prenom343@adressemail.com', 'f90d4f5a7a011c103ebad8c328423649d7f0734dc3cb51070c200e2e169b7e26'),
(344, 'Nom344', 'Prenom344', 'Lorem Ipsum', 'default.png', '44', 'Nom344.Prenom344@adressemail.com', 'f90d4f5a7a011c103ebad8c328423649d7f0734dc3cb51070c200e2e169b7e26'),
(345, 'Nom345', 'Prenom345', 'Lorem Ipsum', 'default.png', '70', 'Nom345.Prenom345@adressemail.com', 'f90d4f5a7a011c103ebad8c328423649d7f0734dc3cb51070c200e2e169b7e26'),
(346, 'Nom346', 'Prenom346', 'Lorem Ipsum', 'default.png', '2', 'Nom346.Prenom346@adressemail.com', 'f90d4f5a7a011c103ebad8c328423649d7f0734dc3cb51070c200e2e169b7e26'),
(347, 'Nom347', 'Prenom347', 'Lorem Ipsum', 'default.png', '25', 'Nom347.Prenom347@adressemail.com', 'f90d4f5a7a011c103ebad8c328423649d7f0734dc3cb51070c200e2e169b7e26'),
(348, 'Nom348', 'Prenom348', 'Lorem Ipsum', 'default.png', '64', 'Nom348.Prenom348@adressemail.com', 'f90d4f5a7a011c103ebad8c328423649d7f0734dc3cb51070c200e2e169b7e26'),
(349, 'Nom349', 'Prenom349', 'Lorem Ipsum', 'default.png', '42', 'Nom349.Prenom349@adressemail.com', 'f90d4f5a7a011c103ebad8c328423649d7f0734dc3cb51070c200e2e169b7e26'),
(350, 'Nom350', 'Prenom350', 'Lorem Ipsum', 'default.png', '19', 'Nom350.Prenom350@adressemail.com', 'f90d4f5a7a011c103ebad8c328423649d7f0734dc3cb51070c200e2e169b7e26'),
(351, 'Nom351', 'Prenom351', 'Lorem Ipsum', 'default.png', '37', 'Nom351.Prenom351@adressemail.com', 'f90d4f5a7a011c103ebad8c328423649d7f0734dc3cb51070c200e2e169b7e26'),
(352, 'Nom352', 'Prenom352', 'Lorem Ipsum', 'default.png', '73', 'Nom352.Prenom352@adressemail.com', 'f90d4f5a7a011c103ebad8c328423649d7f0734dc3cb51070c200e2e169b7e26'),
(353, 'Nom353', 'Prenom353', 'Lorem Ipsum', 'default.png', '77', 'Nom353.Prenom353@adressemail.com', 'f90d4f5a7a011c103ebad8c328423649d7f0734dc3cb51070c200e2e169b7e26'),
(354, 'Nom354', 'Prenom354', 'Lorem Ipsum', 'default.png', '69', 'Nom354.Prenom354@adressemail.com', 'f90d4f5a7a011c103ebad8c328423649d7f0734dc3cb51070c200e2e169b7e26'),
(355, 'Nom355', 'Prenom355', 'Lorem Ipsum', 'default.png', '78', 'Nom355.Prenom355@adressemail.com', 'f90d4f5a7a011c103ebad8c328423649d7f0734dc3cb51070c200e2e169b7e26'),
(356, 'Nom356', 'Prenom356', 'Lorem Ipsum', 'default.png', '87', 'Nom356.Prenom356@adressemail.com', 'f90d4f5a7a011c103ebad8c328423649d7f0734dc3cb51070c200e2e169b7e26'),
(357, 'Nom357', 'Prenom357', 'Lorem Ipsum', 'default.png', '16', 'Nom357.Prenom357@adressemail.com', 'f90d4f5a7a011c103ebad8c328423649d7f0734dc3cb51070c200e2e169b7e26'),
(358, 'Nom358', 'Prenom358', 'Lorem Ipsum', 'default.png', '13', 'Nom358.Prenom358@adressemail.com', 'f90d4f5a7a011c103ebad8c328423649d7f0734dc3cb51070c200e2e169b7e26'),
(359, 'Nom359', 'Prenom359', 'Lorem Ipsum', 'default.png', '30', 'Nom359.Prenom359@adressemail.com', 'f90d4f5a7a011c103ebad8c328423649d7f0734dc3cb51070c200e2e169b7e26'),
(360, 'Nom360', 'Prenom360', 'Lorem Ipsum', 'default.png', '78', 'Nom360.Prenom360@adressemail.com', 'f90d4f5a7a011c103ebad8c328423649d7f0734dc3cb51070c200e2e169b7e26'),
(361, 'Nom361', 'Prenom361', 'Lorem Ipsum', 'default.png', '42', 'Nom361.Prenom361@adressemail.com', 'f90d4f5a7a011c103ebad8c328423649d7f0734dc3cb51070c200e2e169b7e26'),
(362, 'Nom362', 'Prenom362', 'Lorem Ipsum', 'default.png', '51', 'Nom362.Prenom362@adressemail.com', 'f90d4f5a7a011c103ebad8c328423649d7f0734dc3cb51070c200e2e169b7e26'),
(363, 'Nom363', 'Prenom363', 'Lorem Ipsum', 'default.png', '40', 'Nom363.Prenom363@adressemail.com', 'f90d4f5a7a011c103ebad8c328423649d7f0734dc3cb51070c200e2e169b7e26'),
(364, 'Nom364', 'Prenom364', 'Lorem Ipsum', 'default.png', '5', 'Nom364.Prenom364@adressemail.com', 'f90d4f5a7a011c103ebad8c328423649d7f0734dc3cb51070c200e2e169b7e26'),
(365, 'Nom365', 'Prenom365', 'Lorem Ipsum', 'default.png', '21', 'Nom365.Prenom365@adressemail.com', 'f90d4f5a7a011c103ebad8c328423649d7f0734dc3cb51070c200e2e169b7e26'),
(366, 'Nom366', 'Prenom366', 'Lorem Ipsum', 'default.png', '15', 'Nom366.Prenom366@adressemail.com', 'f90d4f5a7a011c103ebad8c328423649d7f0734dc3cb51070c200e2e169b7e26'),
(367, 'Nom367', 'Prenom367', 'Lorem Ipsum', 'default.png', '42', 'Nom367.Prenom367@adressemail.com', 'f90d4f5a7a011c103ebad8c328423649d7f0734dc3cb51070c200e2e169b7e26'),
(368, 'Nom368', 'Prenom368', 'Lorem Ipsum', 'default.png', '84', 'Nom368.Prenom368@adressemail.com', 'f90d4f5a7a011c103ebad8c328423649d7f0734dc3cb51070c200e2e169b7e26'),
(369, 'Nom369', 'Prenom369', 'Lorem Ipsum', 'default.png', '47', 'Nom369.Prenom369@adressemail.com', 'f90d4f5a7a011c103ebad8c328423649d7f0734dc3cb51070c200e2e169b7e26'),
(370, 'Nom370', 'Prenom370', 'Lorem Ipsum', 'default.png', '18', 'Nom370.Prenom370@adressemail.com', 'f90d4f5a7a011c103ebad8c328423649d7f0734dc3cb51070c200e2e169b7e26'),
(371, 'Nom371', 'Prenom371', 'Lorem Ipsum', 'default.png', '13', 'Nom371.Prenom371@adressemail.com', 'f90d4f5a7a011c103ebad8c328423649d7f0734dc3cb51070c200e2e169b7e26'),
(372, 'Nom372', 'Prenom372', 'Lorem Ipsum', 'default.png', '70', 'Nom372.Prenom372@adressemail.com', 'f90d4f5a7a011c103ebad8c328423649d7f0734dc3cb51070c200e2e169b7e26'),
(373, 'Nom373', 'Prenom373', 'Lorem Ipsum', 'default.png', '4', 'Nom373.Prenom373@adressemail.com', 'f90d4f5a7a011c103ebad8c328423649d7f0734dc3cb51070c200e2e169b7e26'),
(374, 'Nom374', 'Prenom374', 'Lorem Ipsum', 'default.png', '6', 'Nom374.Prenom374@adressemail.com', 'f90d4f5a7a011c103ebad8c328423649d7f0734dc3cb51070c200e2e169b7e26'),
(375, 'Nom375', 'Prenom375', 'Lorem Ipsum', 'default.png', '86', 'Nom375.Prenom375@adressemail.com', 'f90d4f5a7a011c103ebad8c328423649d7f0734dc3cb51070c200e2e169b7e26'),
(376, 'Nom376', 'Prenom376', 'Lorem Ipsum', 'default.png', '48', 'Nom376.Prenom376@adressemail.com', 'f90d4f5a7a011c103ebad8c328423649d7f0734dc3cb51070c200e2e169b7e26'),
(377, 'Nom377', 'Prenom377', 'Lorem Ipsum', 'default.png', '21', 'Nom377.Prenom377@adressemail.com', 'f90d4f5a7a011c103ebad8c328423649d7f0734dc3cb51070c200e2e169b7e26'),
(378, 'Nom378', 'Prenom378', 'Lorem Ipsum', 'default.png', '50', 'Nom378.Prenom378@adressemail.com', 'f90d4f5a7a011c103ebad8c328423649d7f0734dc3cb51070c200e2e169b7e26'),
(379, 'Nom379', 'Prenom379', 'Lorem Ipsum', 'default.png', '44', 'Nom379.Prenom379@adressemail.com', 'f90d4f5a7a011c103ebad8c328423649d7f0734dc3cb51070c200e2e169b7e26'),
(380, 'Nom380', 'Prenom380', 'Lorem Ipsum', 'default.png', '54', 'Nom380.Prenom380@adressemail.com', 'f90d4f5a7a011c103ebad8c328423649d7f0734dc3cb51070c200e2e169b7e26'),
(381, 'Nom381', 'Prenom381', 'Lorem Ipsum', 'default.png', '6', 'Nom381.Prenom381@adressemail.com', 'f90d4f5a7a011c103ebad8c328423649d7f0734dc3cb51070c200e2e169b7e26'),
(382, 'Nom382', 'Prenom382', 'Lorem Ipsum', 'default.png', '45', 'Nom382.Prenom382@adressemail.com', 'f90d4f5a7a011c103ebad8c328423649d7f0734dc3cb51070c200e2e169b7e26'),
(383, 'Nom383', 'Prenom383', 'Lorem Ipsum', 'default.png', '58', 'Nom383.Prenom383@adressemail.com', 'f90d4f5a7a011c103ebad8c328423649d7f0734dc3cb51070c200e2e169b7e26'),
(384, 'Nom384', 'Prenom384', 'Lorem Ipsum', 'default.png', '46', 'Nom384.Prenom384@adressemail.com', 'f90d4f5a7a011c103ebad8c328423649d7f0734dc3cb51070c200e2e169b7e26'),
(385, 'Nom385', 'Prenom385', 'Lorem Ipsum', 'default.png', '65', 'Nom385.Prenom385@adressemail.com', 'f90d4f5a7a011c103ebad8c328423649d7f0734dc3cb51070c200e2e169b7e26'),
(386, 'Nom386', 'Prenom386', 'Lorem Ipsum', 'default.png', '64', 'Nom386.Prenom386@adressemail.com', 'f90d4f5a7a011c103ebad8c328423649d7f0734dc3cb51070c200e2e169b7e26'),
(387, 'Nom387', 'Prenom387', 'Lorem Ipsum', 'default.png', '42', 'Nom387.Prenom387@adressemail.com', 'f90d4f5a7a011c103ebad8c328423649d7f0734dc3cb51070c200e2e169b7e26'),
(388, 'Nom388', 'Prenom388', 'Lorem Ipsum', 'default.png', '28', 'Nom388.Prenom388@adressemail.com', 'f90d4f5a7a011c103ebad8c328423649d7f0734dc3cb51070c200e2e169b7e26'),
(389, 'Nom389', 'Prenom389', 'Lorem Ipsum', 'default.png', '23', 'Nom389.Prenom389@adressemail.com', 'f90d4f5a7a011c103ebad8c328423649d7f0734dc3cb51070c200e2e169b7e26'),
(390, 'Nom390', 'Prenom390', 'Lorem Ipsum', 'default.png', '50', 'Nom390.Prenom390@adressemail.com', 'f90d4f5a7a011c103ebad8c328423649d7f0734dc3cb51070c200e2e169b7e26'),
(391, 'Nom391', 'Prenom391', 'Lorem Ipsum', 'default.png', '68', 'Nom391.Prenom391@adressemail.com', 'f90d4f5a7a011c103ebad8c328423649d7f0734dc3cb51070c200e2e169b7e26'),
(392, 'Nom392', 'Prenom392', 'Lorem Ipsum', 'default.png', '8', 'Nom392.Prenom392@adressemail.com', 'f90d4f5a7a011c103ebad8c328423649d7f0734dc3cb51070c200e2e169b7e26'),
(393, 'Nom393', 'Prenom393', 'Lorem Ipsum', 'default.png', '81', 'Nom393.Prenom393@adressemail.com', 'f90d4f5a7a011c103ebad8c328423649d7f0734dc3cb51070c200e2e169b7e26'),
(394, 'Nom394', 'Prenom394', 'Lorem Ipsum', 'default.png', '36', 'Nom394.Prenom394@adressemail.com', 'f90d4f5a7a011c103ebad8c328423649d7f0734dc3cb51070c200e2e169b7e26'),
(395, 'Nom395', 'Prenom395', 'Lorem Ipsum', 'default.png', '80', 'Nom395.Prenom395@adressemail.com', 'f90d4f5a7a011c103ebad8c328423649d7f0734dc3cb51070c200e2e169b7e26'),
(396, 'Nom396', 'Prenom396', 'Lorem Ipsum', 'default.png', '13', 'Nom396.Prenom396@adressemail.com', 'f90d4f5a7a011c103ebad8c328423649d7f0734dc3cb51070c200e2e169b7e26'),
(397, 'Nom397', 'Prenom397', 'Lorem Ipsum', 'default.png', '10', 'Nom397.Prenom397@adressemail.com', 'f90d4f5a7a011c103ebad8c328423649d7f0734dc3cb51070c200e2e169b7e26'),
(398, 'Nom398', 'Prenom398', 'Lorem Ipsum', 'default.png', '73', 'Nom398.Prenom398@adressemail.com', 'f90d4f5a7a011c103ebad8c328423649d7f0734dc3cb51070c200e2e169b7e26'),
(399, 'Nom399', 'Prenom399', 'Lorem Ipsum', 'default.png', '55', 'Nom399.Prenom399@adressemail.com', 'f90d4f5a7a011c103ebad8c328423649d7f0734dc3cb51070c200e2e169b7e26'),
(400, 'Nom400', 'Prenom400', 'Lorem Ipsum', 'default.png', '40', 'Nom400.Prenom400@adressemail.com', 'f90d4f5a7a011c103ebad8c328423649d7f0734dc3cb51070c200e2e169b7e26'),
(401, 'Nom401', 'Prenom401', 'Lorem Ipsum', 'default.png', '2', 'Nom401.Prenom401@adressemail.com', 'f90d4f5a7a011c103ebad8c328423649d7f0734dc3cb51070c200e2e169b7e26'),
(402, 'Nom402', 'Prenom402', 'Lorem Ipsum', 'default.png', '95', 'Nom402.Prenom402@adressemail.com', 'f90d4f5a7a011c103ebad8c328423649d7f0734dc3cb51070c200e2e169b7e26'),
(403, 'Nom403', 'Prenom403', 'Lorem Ipsum', 'default.png', '10', 'Nom403.Prenom403@adressemail.com', 'f90d4f5a7a011c103ebad8c328423649d7f0734dc3cb51070c200e2e169b7e26'),
(404, 'Nom404', 'Prenom404', 'Lorem Ipsum', 'default.png', '6', 'Nom404.Prenom404@adressemail.com', 'f90d4f5a7a011c103ebad8c328423649d7f0734dc3cb51070c200e2e169b7e26'),
(405, 'Nom405', 'Prenom405', 'Lorem Ipsum', 'default.png', '4', 'Nom405.Prenom405@adressemail.com', 'f90d4f5a7a011c103ebad8c328423649d7f0734dc3cb51070c200e2e169b7e26'),
(406, 'Nom406', 'Prenom406', 'Lorem Ipsum', 'default.png', '90', 'Nom406.Prenom406@adressemail.com', 'f90d4f5a7a011c103ebad8c328423649d7f0734dc3cb51070c200e2e169b7e26'),
(407, 'Nom407', 'Prenom407', 'Lorem Ipsum', 'default.png', '32', 'Nom407.Prenom407@adressemail.com', 'f90d4f5a7a011c103ebad8c328423649d7f0734dc3cb51070c200e2e169b7e26'),
(408, 'Nom408', 'Prenom408', 'Lorem Ipsum', 'default.png', '18', 'Nom408.Prenom408@adressemail.com', 'f90d4f5a7a011c103ebad8c328423649d7f0734dc3cb51070c200e2e169b7e26'),
(409, 'Nom409', 'Prenom409', 'Lorem Ipsum', 'default.png', '37', 'Nom409.Prenom409@adressemail.com', 'f90d4f5a7a011c103ebad8c328423649d7f0734dc3cb51070c200e2e169b7e26'),
(410, 'Nom410', 'Prenom410', 'Lorem Ipsum', 'default.png', '75', 'Nom410.Prenom410@adressemail.com', 'f90d4f5a7a011c103ebad8c328423649d7f0734dc3cb51070c200e2e169b7e26'),
(411, 'Nom411', 'Prenom411', 'Lorem Ipsum', 'default.png', '61', 'Nom411.Prenom411@adressemail.com', 'f90d4f5a7a011c103ebad8c328423649d7f0734dc3cb51070c200e2e169b7e26'),
(412, 'Nom412', 'Prenom412', 'Lorem Ipsum', 'default.png', '13', 'Nom412.Prenom412@adressemail.com', 'f90d4f5a7a011c103ebad8c328423649d7f0734dc3cb51070c200e2e169b7e26'),
(413, 'Nom413', 'Prenom413', 'Lorem Ipsum', 'default.png', '22', 'Nom413.Prenom413@adressemail.com', 'f90d4f5a7a011c103ebad8c328423649d7f0734dc3cb51070c200e2e169b7e26'),
(414, 'Nom414', 'Prenom414', 'Lorem Ipsum', 'default.png', '29', 'Nom414.Prenom414@adressemail.com', 'f90d4f5a7a011c103ebad8c328423649d7f0734dc3cb51070c200e2e169b7e26'),
(415, 'Nom415', 'Prenom415', 'Lorem Ipsum', 'default.png', '71', 'Nom415.Prenom415@adressemail.com', 'f90d4f5a7a011c103ebad8c328423649d7f0734dc3cb51070c200e2e169b7e26'),
(416, 'Nom416', 'Prenom416', 'Lorem Ipsum', 'default.png', '35', 'Nom416.Prenom416@adressemail.com', 'f90d4f5a7a011c103ebad8c328423649d7f0734dc3cb51070c200e2e169b7e26'),
(417, 'Nom417', 'Prenom417', 'Lorem Ipsum', 'default.png', '21', 'Nom417.Prenom417@adressemail.com', 'f90d4f5a7a011c103ebad8c328423649d7f0734dc3cb51070c200e2e169b7e26'),
(418, 'Nom418', 'Prenom418', 'Lorem Ipsum', 'default.png', '8', 'Nom418.Prenom418@adressemail.com', 'f90d4f5a7a011c103ebad8c328423649d7f0734dc3cb51070c200e2e169b7e26'),
(419, 'Nom419', 'Prenom419', 'Lorem Ipsum', 'default.png', '3', 'Nom419.Prenom419@adressemail.com', 'f90d4f5a7a011c103ebad8c328423649d7f0734dc3cb51070c200e2e169b7e26'),
(420, 'Nom420', 'Prenom420', 'Lorem Ipsum', 'default.png', '35', 'Nom420.Prenom420@adressemail.com', 'f90d4f5a7a011c103ebad8c328423649d7f0734dc3cb51070c200e2e169b7e26'),
(421, 'Nom421', 'Prenom421', 'Lorem Ipsum', 'default.png', '50', 'Nom421.Prenom421@adressemail.com', 'f90d4f5a7a011c103ebad8c328423649d7f0734dc3cb51070c200e2e169b7e26'),
(422, 'Nom422', 'Prenom422', 'Lorem Ipsum', 'default.png', '47', 'Nom422.Prenom422@adressemail.com', 'f90d4f5a7a011c103ebad8c328423649d7f0734dc3cb51070c200e2e169b7e26'),
(423, 'Nom423', 'Prenom423', 'Lorem Ipsum', 'default.png', '22', 'Nom423.Prenom423@adressemail.com', 'f90d4f5a7a011c103ebad8c328423649d7f0734dc3cb51070c200e2e169b7e26'),
(424, 'Nom424', 'Prenom424', 'Lorem Ipsum', 'default.png', '32', 'Nom424.Prenom424@adressemail.com', 'f90d4f5a7a011c103ebad8c328423649d7f0734dc3cb51070c200e2e169b7e26'),
(425, 'Nom425', 'Prenom425', 'Lorem Ipsum', 'default.png', '11', 'Nom425.Prenom425@adressemail.com', 'f90d4f5a7a011c103ebad8c328423649d7f0734dc3cb51070c200e2e169b7e26'),
(426, 'Nom426', 'Prenom426', 'Lorem Ipsum', 'default.png', '36', 'Nom426.Prenom426@adressemail.com', 'f90d4f5a7a011c103ebad8c328423649d7f0734dc3cb51070c200e2e169b7e26'),
(427, 'Nom427', 'Prenom427', 'Lorem Ipsum', 'default.png', '52', 'Nom427.Prenom427@adressemail.com', 'f90d4f5a7a011c103ebad8c328423649d7f0734dc3cb51070c200e2e169b7e26'),
(428, 'Nom428', 'Prenom428', 'Lorem Ipsum', 'default.png', '77', 'Nom428.Prenom428@adressemail.com', 'f90d4f5a7a011c103ebad8c328423649d7f0734dc3cb51070c200e2e169b7e26'),
(429, 'Nom429', 'Prenom429', 'Lorem Ipsum', 'default.png', '25', 'Nom429.Prenom429@adressemail.com', 'f90d4f5a7a011c103ebad8c328423649d7f0734dc3cb51070c200e2e169b7e26'),
(430, 'Nom430', 'Prenom430', 'Lorem Ipsum', 'default.png', '48', 'Nom430.Prenom430@adressemail.com', 'f90d4f5a7a011c103ebad8c328423649d7f0734dc3cb51070c200e2e169b7e26'),
(431, 'Nom431', 'Prenom431', 'Lorem Ipsum', 'default.png', '45', 'Nom431.Prenom431@adressemail.com', 'f90d4f5a7a011c103ebad8c328423649d7f0734dc3cb51070c200e2e169b7e26'),
(432, 'Nom432', 'Prenom432', 'Lorem Ipsum', 'default.png', '15', 'Nom432.Prenom432@adressemail.com', 'f90d4f5a7a011c103ebad8c328423649d7f0734dc3cb51070c200e2e169b7e26'),
(433, 'Nom433', 'Prenom433', 'Lorem Ipsum', 'default.png', '61', 'Nom433.Prenom433@adressemail.com', 'f90d4f5a7a011c103ebad8c328423649d7f0734dc3cb51070c200e2e169b7e26'),
(434, 'Nom434', 'Prenom434', 'Lorem Ipsum', 'default.png', '22', 'Nom434.Prenom434@adressemail.com', 'f90d4f5a7a011c103ebad8c328423649d7f0734dc3cb51070c200e2e169b7e26'),
(435, 'Nom435', 'Prenom435', 'Lorem Ipsum', 'default.png', '23', 'Nom435.Prenom435@adressemail.com', 'f90d4f5a7a011c103ebad8c328423649d7f0734dc3cb51070c200e2e169b7e26'),
(436, 'Nom436', 'Prenom436', 'Lorem Ipsum', 'default.png', '28', 'Nom436.Prenom436@adressemail.com', 'f90d4f5a7a011c103ebad8c328423649d7f0734dc3cb51070c200e2e169b7e26'),
(437, 'Nom437', 'Prenom437', 'Lorem Ipsum', 'default.png', '93', 'Nom437.Prenom437@adressemail.com', 'f90d4f5a7a011c103ebad8c328423649d7f0734dc3cb51070c200e2e169b7e26'),
(438, 'Nom438', 'Prenom438', 'Lorem Ipsum', 'default.png', '67', 'Nom438.Prenom438@adressemail.com', 'f90d4f5a7a011c103ebad8c328423649d7f0734dc3cb51070c200e2e169b7e26'),
(439, 'Nom439', 'Prenom439', 'Lorem Ipsum', 'default.png', '19', 'Nom439.Prenom439@adressemail.com', 'f90d4f5a7a011c103ebad8c328423649d7f0734dc3cb51070c200e2e169b7e26'),
(440, 'Nom440', 'Prenom440', 'Lorem Ipsum', 'default.png', '26', 'Nom440.Prenom440@adressemail.com', 'f90d4f5a7a011c103ebad8c328423649d7f0734dc3cb51070c200e2e169b7e26'),
(441, 'Nom441', 'Prenom441', 'Lorem Ipsum', 'default.png', '44', 'Nom441.Prenom441@adressemail.com', 'f90d4f5a7a011c103ebad8c328423649d7f0734dc3cb51070c200e2e169b7e26'),
(442, 'Nom442', 'Prenom442', 'Lorem Ipsum', 'default.png', '49', 'Nom442.Prenom442@adressemail.com', 'f90d4f5a7a011c103ebad8c328423649d7f0734dc3cb51070c200e2e169b7e26'),
(443, 'Nom443', 'Prenom443', 'Lorem Ipsum', 'default.png', '26', 'Nom443.Prenom443@adressemail.com', 'f90d4f5a7a011c103ebad8c328423649d7f0734dc3cb51070c200e2e169b7e26'),
(444, 'Nom444', 'Prenom444', 'Lorem Ipsum', 'default.png', '30', 'Nom444.Prenom444@adressemail.com', 'f90d4f5a7a011c103ebad8c328423649d7f0734dc3cb51070c200e2e169b7e26'),
(445, 'Nom445', 'Prenom445', 'Lorem Ipsum', 'default.png', '43', 'Nom445.Prenom445@adressemail.com', 'f90d4f5a7a011c103ebad8c328423649d7f0734dc3cb51070c200e2e169b7e26'),
(446, 'Nom446', 'Prenom446', 'Lorem Ipsum', 'default.png', '25', 'Nom446.Prenom446@adressemail.com', 'f90d4f5a7a011c103ebad8c328423649d7f0734dc3cb51070c200e2e169b7e26'),
(447, 'Nom447', 'Prenom447', 'Lorem Ipsum', 'default.png', '82', 'Nom447.Prenom447@adressemail.com', 'f90d4f5a7a011c103ebad8c328423649d7f0734dc3cb51070c200e2e169b7e26'),
(448, 'Nom448', 'Prenom448', 'Lorem Ipsum', 'default.png', '64', 'Nom448.Prenom448@adressemail.com', 'f90d4f5a7a011c103ebad8c328423649d7f0734dc3cb51070c200e2e169b7e26'),
(449, 'Nom449', 'Prenom449', 'Lorem Ipsum', 'default.png', '84', 'Nom449.Prenom449@adressemail.com', 'f90d4f5a7a011c103ebad8c328423649d7f0734dc3cb51070c200e2e169b7e26'),
(450, 'Nom450', 'Prenom450', 'Lorem Ipsum', 'default.png', '48', 'Nom450.Prenom450@adressemail.com', 'f90d4f5a7a011c103ebad8c328423649d7f0734dc3cb51070c200e2e169b7e26'),
(451, 'Nom451', 'Prenom451', 'Lorem Ipsum', 'default.png', '44', 'Nom451.Prenom451@adressemail.com', 'f90d4f5a7a011c103ebad8c328423649d7f0734dc3cb51070c200e2e169b7e26'),
(452, 'Nom452', 'Prenom452', 'Lorem Ipsum', 'default.png', '3', 'Nom452.Prenom452@adressemail.com', 'f90d4f5a7a011c103ebad8c328423649d7f0734dc3cb51070c200e2e169b7e26'),
(453, 'Nom453', 'Prenom453', 'Lorem Ipsum', 'default.png', '49', 'Nom453.Prenom453@adressemail.com', 'f90d4f5a7a011c103ebad8c328423649d7f0734dc3cb51070c200e2e169b7e26'),
(454, 'Nom454', 'Prenom454', 'Lorem Ipsum', 'default.png', '60', 'Nom454.Prenom454@adressemail.com', 'f90d4f5a7a011c103ebad8c328423649d7f0734dc3cb51070c200e2e169b7e26'),
(455, 'Nom455', 'Prenom455', 'Lorem Ipsum', 'default.png', '11', 'Nom455.Prenom455@adressemail.com', 'f90d4f5a7a011c103ebad8c328423649d7f0734dc3cb51070c200e2e169b7e26'),
(456, 'Nom456', 'Prenom456', 'Lorem Ipsum', 'default.png', '85', 'Nom456.Prenom456@adressemail.com', 'f90d4f5a7a011c103ebad8c328423649d7f0734dc3cb51070c200e2e169b7e26'),
(457, 'Nom457', 'Prenom457', 'Lorem Ipsum', 'default.png', '71', 'Nom457.Prenom457@adressemail.com', 'f90d4f5a7a011c103ebad8c328423649d7f0734dc3cb51070c200e2e169b7e26'),
(458, 'Nom458', 'Prenom458', 'Lorem Ipsum', 'default.png', '95', 'Nom458.Prenom458@adressemail.com', 'f90d4f5a7a011c103ebad8c328423649d7f0734dc3cb51070c200e2e169b7e26'),
(459, 'Nom459', 'Prenom459', 'Lorem Ipsum', 'default.png', '90', 'Nom459.Prenom459@adressemail.com', 'f90d4f5a7a011c103ebad8c328423649d7f0734dc3cb51070c200e2e169b7e26'),
(460, 'Nom460', 'Prenom460', 'Lorem Ipsum', 'default.png', '6', 'Nom460.Prenom460@adressemail.com', 'f90d4f5a7a011c103ebad8c328423649d7f0734dc3cb51070c200e2e169b7e26'),
(461, 'Nom461', 'Prenom461', 'Lorem Ipsum', 'default.png', '35', 'Nom461.Prenom461@adressemail.com', 'f90d4f5a7a011c103ebad8c328423649d7f0734dc3cb51070c200e2e169b7e26'),
(462, 'Nom462', 'Prenom462', 'Lorem Ipsum', 'default.png', '83', 'Nom462.Prenom462@adressemail.com', 'f90d4f5a7a011c103ebad8c328423649d7f0734dc3cb51070c200e2e169b7e26'),
(463, 'Nom463', 'Prenom463', 'Lorem Ipsum', 'default.png', '44', 'Nom463.Prenom463@adressemail.com', 'f90d4f5a7a011c103ebad8c328423649d7f0734dc3cb51070c200e2e169b7e26'),
(464, 'Nom464', 'Prenom464', 'Lorem Ipsum', 'default.png', '50', 'Nom464.Prenom464@adressemail.com', 'f90d4f5a7a011c103ebad8c328423649d7f0734dc3cb51070c200e2e169b7e26'),
(465, 'Nom465', 'Prenom465', 'Lorem Ipsum', 'default.png', '24', 'Nom465.Prenom465@adressemail.com', 'f90d4f5a7a011c103ebad8c328423649d7f0734dc3cb51070c200e2e169b7e26'),
(466, 'Nom466', 'Prenom466', 'Lorem Ipsum', 'default.png', '79', 'Nom466.Prenom466@adressemail.com', 'f90d4f5a7a011c103ebad8c328423649d7f0734dc3cb51070c200e2e169b7e26'),
(467, 'Nom467', 'Prenom467', 'Lorem Ipsum', 'default.png', '36', 'Nom467.Prenom467@adressemail.com', 'f90d4f5a7a011c103ebad8c328423649d7f0734dc3cb51070c200e2e169b7e26'),
(468, 'Nom468', 'Prenom468', 'Lorem Ipsum', 'default.png', '13', 'Nom468.Prenom468@adressemail.com', 'f90d4f5a7a011c103ebad8c328423649d7f0734dc3cb51070c200e2e169b7e26'),
(469, 'Nom469', 'Prenom469', 'Lorem Ipsum', 'default.png', '53', 'Nom469.Prenom469@adressemail.com', 'f90d4f5a7a011c103ebad8c328423649d7f0734dc3cb51070c200e2e169b7e26'),
(470, 'Nom470', 'Prenom470', 'Lorem Ipsum', 'default.png', '31', 'Nom470.Prenom470@adressemail.com', 'f90d4f5a7a011c103ebad8c328423649d7f0734dc3cb51070c200e2e169b7e26'),
(471, 'Nom471', 'Prenom471', 'Lorem Ipsum', 'default.png', '28', 'Nom471.Prenom471@adressemail.com', 'f90d4f5a7a011c103ebad8c328423649d7f0734dc3cb51070c200e2e169b7e26'),
(472, 'Nom472', 'Prenom472', 'Lorem Ipsum', 'default.png', '95', 'Nom472.Prenom472@adressemail.com', 'f90d4f5a7a011c103ebad8c328423649d7f0734dc3cb51070c200e2e169b7e26'),
(473, 'Nom473', 'Prenom473', 'Lorem Ipsum', 'default.png', '44', 'Nom473.Prenom473@adressemail.com', 'f90d4f5a7a011c103ebad8c328423649d7f0734dc3cb51070c200e2e169b7e26'),
(474, 'Nom474', 'Prenom474', 'Lorem Ipsum', 'default.png', '80', 'Nom474.Prenom474@adressemail.com', 'f90d4f5a7a011c103ebad8c328423649d7f0734dc3cb51070c200e2e169b7e26'),
(475, 'Nom475', 'Prenom475', 'Lorem Ipsum', 'default.png', '48', 'Nom475.Prenom475@adressemail.com', 'f90d4f5a7a011c103ebad8c328423649d7f0734dc3cb51070c200e2e169b7e26'),
(476, 'Nom476', 'Prenom476', 'Lorem Ipsum', 'default.png', '91', 'Nom476.Prenom476@adressemail.com', 'f90d4f5a7a011c103ebad8c328423649d7f0734dc3cb51070c200e2e169b7e26'),
(477, 'Nom477', 'Prenom477', 'Lorem Ipsum', 'default.png', '80', 'Nom477.Prenom477@adressemail.com', 'f90d4f5a7a011c103ebad8c328423649d7f0734dc3cb51070c200e2e169b7e26'),
(478, 'Nom478', 'Prenom478', 'Lorem Ipsum', 'default.png', '25', 'Nom478.Prenom478@adressemail.com', 'f90d4f5a7a011c103ebad8c328423649d7f0734dc3cb51070c200e2e169b7e26'),
(479, 'Nom479', 'Prenom479', 'Lorem Ipsum', 'default.png', '15', 'Nom479.Prenom479@adressemail.com', 'f90d4f5a7a011c103ebad8c328423649d7f0734dc3cb51070c200e2e169b7e26'),
(480, 'Nom480', 'Prenom480', 'Lorem Ipsum', 'default.png', '48', 'Nom480.Prenom480@adressemail.com', 'f90d4f5a7a011c103ebad8c328423649d7f0734dc3cb51070c200e2e169b7e26'),
(481, 'Nom481', 'Prenom481', 'Lorem Ipsum', 'default.png', '21', 'Nom481.Prenom481@adressemail.com', 'f90d4f5a7a011c103ebad8c328423649d7f0734dc3cb51070c200e2e169b7e26'),
(482, 'Nom482', 'Prenom482', 'Lorem Ipsum', 'default.png', '88', 'Nom482.Prenom482@adressemail.com', 'f90d4f5a7a011c103ebad8c328423649d7f0734dc3cb51070c200e2e169b7e26'),
(483, 'Nom483', 'Prenom483', 'Lorem Ipsum', 'default.png', '72', 'Nom483.Prenom483@adressemail.com', 'f90d4f5a7a011c103ebad8c328423649d7f0734dc3cb51070c200e2e169b7e26'),
(484, 'Nom484', 'Prenom484', 'Lorem Ipsum', 'default.png', '36', 'Nom484.Prenom484@adressemail.com', 'f90d4f5a7a011c103ebad8c328423649d7f0734dc3cb51070c200e2e169b7e26'),
(485, 'Nom485', 'Prenom485', 'Lorem Ipsum', 'default.png', '91', 'Nom485.Prenom485@adressemail.com', 'f90d4f5a7a011c103ebad8c328423649d7f0734dc3cb51070c200e2e169b7e26'),
(486, 'Nom486', 'Prenom486', 'Lorem Ipsum', 'default.png', '17', 'Nom486.Prenom486@adressemail.com', 'f90d4f5a7a011c103ebad8c328423649d7f0734dc3cb51070c200e2e169b7e26'),
(487, 'Nom487', 'Prenom487', 'Lorem Ipsum', 'default.png', '4', 'Nom487.Prenom487@adressemail.com', 'f90d4f5a7a011c103ebad8c328423649d7f0734dc3cb51070c200e2e169b7e26'),
(488, 'Nom488', 'Prenom488', 'Lorem Ipsum', 'default.png', '74', 'Nom488.Prenom488@adressemail.com', 'f90d4f5a7a011c103ebad8c328423649d7f0734dc3cb51070c200e2e169b7e26'),
(489, 'Nom489', 'Prenom489', 'Lorem Ipsum', 'default.png', '93', 'Nom489.Prenom489@adressemail.com', 'f90d4f5a7a011c103ebad8c328423649d7f0734dc3cb51070c200e2e169b7e26'),
(490, 'Nom490', 'Prenom490', 'Lorem Ipsum', 'default.png', '61', 'Nom490.Prenom490@adressemail.com', 'f90d4f5a7a011c103ebad8c328423649d7f0734dc3cb51070c200e2e169b7e26'),
(491, 'Nom491', 'Prenom491', 'Lorem Ipsum', 'default.png', '46', 'Nom491.Prenom491@adressemail.com', 'f90d4f5a7a011c103ebad8c328423649d7f0734dc3cb51070c200e2e169b7e26'),
(492, 'Nom492', 'Prenom492', 'Lorem Ipsum', 'default.png', '76', 'Nom492.Prenom492@adressemail.com', 'f90d4f5a7a011c103ebad8c328423649d7f0734dc3cb51070c200e2e169b7e26'),
(493, 'Nom493', 'Prenom493', 'Lorem Ipsum', 'default.png', '78', 'Nom493.Prenom493@adressemail.com', 'f90d4f5a7a011c103ebad8c328423649d7f0734dc3cb51070c200e2e169b7e26'),
(494, 'Nom494', 'Prenom494', 'Lorem Ipsum', 'default.png', '25', 'Nom494.Prenom494@adressemail.com', 'f90d4f5a7a011c103ebad8c328423649d7f0734dc3cb51070c200e2e169b7e26'),
(495, 'Nom495', 'Prenom495', 'Lorem Ipsum', 'default.png', '30', 'Nom495.Prenom495@adressemail.com', 'f90d4f5a7a011c103ebad8c328423649d7f0734dc3cb51070c200e2e169b7e26'),
(496, 'Nom496', 'Prenom496', 'Lorem Ipsum', 'default.png', '42', 'Nom496.Prenom496@adressemail.com', 'f90d4f5a7a011c103ebad8c328423649d7f0734dc3cb51070c200e2e169b7e26'),
(497, 'Nom497', 'Prenom497', 'Lorem Ipsum', 'default.png', '32', 'Nom497.Prenom497@adressemail.com', 'f90d4f5a7a011c103ebad8c328423649d7f0734dc3cb51070c200e2e169b7e26'),
(498, 'Nom498', 'Prenom498', 'Lorem Ipsum', 'default.png', '29', 'Nom498.Prenom498@adressemail.com', 'f90d4f5a7a011c103ebad8c328423649d7f0734dc3cb51070c200e2e169b7e26'),
(499, 'Nom499', 'Prenom499', 'Lorem Ipsum', 'default.png', '38', 'Nom499.Prenom499@adressemail.com', 'f90d4f5a7a011c103ebad8c328423649d7f0734dc3cb51070c200e2e169b7e26'),
(500, 'Nom500', 'Prenom500', 'Lorem Ipsum', 'default.png', '52', 'Nom500.Prenom500@adressemail.com', 'f90d4f5a7a011c103ebad8c328423649d7f0734dc3cb51070c200e2e169b7e26'),
(501, 'Nom501', 'Prenom501', 'Lorem Ipsum', 'default.png', '39', 'Nom501.Prenom501@adressemail.com', 'f90d4f5a7a011c103ebad8c328423649d7f0734dc3cb51070c200e2e169b7e26'),
(502, 'Nom502', 'Prenom502', 'Lorem Ipsum', 'default.png', '45', 'Nom502.Prenom502@adressemail.com', 'f90d4f5a7a011c103ebad8c328423649d7f0734dc3cb51070c200e2e169b7e26'),
(503, 'Nom503', 'Prenom503', 'Lorem Ipsum', 'default.png', '81', 'Nom503.Prenom503@adressemail.com', 'f90d4f5a7a011c103ebad8c328423649d7f0734dc3cb51070c200e2e169b7e26'),
(504, 'Nom504', 'Prenom504', 'Lorem Ipsum', 'default.png', '64', 'Nom504.Prenom504@adressemail.com', 'f90d4f5a7a011c103ebad8c328423649d7f0734dc3cb51070c200e2e169b7e26'),
(505, 'Nom505', 'Prenom505', 'Lorem Ipsum', 'default.png', '47', 'Nom505.Prenom505@adressemail.com', 'f90d4f5a7a011c103ebad8c328423649d7f0734dc3cb51070c200e2e169b7e26'),
(506, 'Nom506', 'Prenom506', 'Lorem Ipsum', 'default.png', '23', 'Nom506.Prenom506@adressemail.com', 'f90d4f5a7a011c103ebad8c328423649d7f0734dc3cb51070c200e2e169b7e26'),
(507, 'Nom507', 'Prenom507', 'Lorem Ipsum', 'default.png', '1', 'Nom507.Prenom507@adressemail.com', 'f90d4f5a7a011c103ebad8c328423649d7f0734dc3cb51070c200e2e169b7e26'),
(508, 'Nom508', 'Prenom508', 'Lorem Ipsum', 'default.png', '43', 'Nom508.Prenom508@adressemail.com', 'f90d4f5a7a011c103ebad8c328423649d7f0734dc3cb51070c200e2e169b7e26'),
(509, 'Nom509', 'Prenom509', 'Lorem Ipsum', 'default.png', '31', 'Nom509.Prenom509@adressemail.com', 'f90d4f5a7a011c103ebad8c328423649d7f0734dc3cb51070c200e2e169b7e26'),
(510, 'Nom510', 'Prenom510', 'Lorem Ipsum', 'default.png', '95', 'Nom510.Prenom510@adressemail.com', 'f90d4f5a7a011c103ebad8c328423649d7f0734dc3cb51070c200e2e169b7e26'),
(511, 'Nom511', 'Prenom511', 'Lorem Ipsum', 'default.png', '78', 'Nom511.Prenom511@adressemail.com', 'f90d4f5a7a011c103ebad8c328423649d7f0734dc3cb51070c200e2e169b7e26'),
(512, 'Nom512', 'Prenom512', 'Lorem Ipsum', 'default.png', '50', 'Nom512.Prenom512@adressemail.com', 'f90d4f5a7a011c103ebad8c328423649d7f0734dc3cb51070c200e2e169b7e26'),
(513, 'Nom513', 'Prenom513', 'Lorem Ipsum', 'default.png', '79', 'Nom513.Prenom513@adressemail.com', 'f90d4f5a7a011c103ebad8c328423649d7f0734dc3cb51070c200e2e169b7e26'),
(514, 'Nom514', 'Prenom514', 'Lorem Ipsum', 'default.png', '65', 'Nom514.Prenom514@adressemail.com', 'f90d4f5a7a011c103ebad8c328423649d7f0734dc3cb51070c200e2e169b7e26'),
(515, 'Nom515', 'Prenom515', 'Lorem Ipsum', 'default.png', '26', 'Nom515.Prenom515@adressemail.com', 'f90d4f5a7a011c103ebad8c328423649d7f0734dc3cb51070c200e2e169b7e26'),
(516, 'Nom516', 'Prenom516', 'Lorem Ipsum', 'default.png', '24', 'Nom516.Prenom516@adressemail.com', 'f90d4f5a7a011c103ebad8c328423649d7f0734dc3cb51070c200e2e169b7e26'),
(517, 'Nom517', 'Prenom517', 'Lorem Ipsum', 'default.png', '18', 'Nom517.Prenom517@adressemail.com', 'f90d4f5a7a011c103ebad8c328423649d7f0734dc3cb51070c200e2e169b7e26'),
(518, 'Nom518', 'Prenom518', 'Lorem Ipsum', 'default.png', '18', 'Nom518.Prenom518@adressemail.com', 'f90d4f5a7a011c103ebad8c328423649d7f0734dc3cb51070c200e2e169b7e26'),
(519, 'Nom519', 'Prenom519', 'Lorem Ipsum', 'default.png', '33', 'Nom519.Prenom519@adressemail.com', 'f90d4f5a7a011c103ebad8c328423649d7f0734dc3cb51070c200e2e169b7e26'),
(520, 'Nom520', 'Prenom520', 'Lorem Ipsum', 'default.png', '46', 'Nom520.Prenom520@adressemail.com', 'f90d4f5a7a011c103ebad8c328423649d7f0734dc3cb51070c200e2e169b7e26'),
(521, 'Nom521', 'Prenom521', 'Lorem Ipsum', 'default.png', '16', 'Nom521.Prenom521@adressemail.com', 'f90d4f5a7a011c103ebad8c328423649d7f0734dc3cb51070c200e2e169b7e26'),
(522, 'Nom522', 'Prenom522', 'Lorem Ipsum', 'default.png', '58', 'Nom522.Prenom522@adressemail.com', 'f90d4f5a7a011c103ebad8c328423649d7f0734dc3cb51070c200e2e169b7e26'),
(523, 'Nom523', 'Prenom523', 'Lorem Ipsum', 'default.png', '64', 'Nom523.Prenom523@adressemail.com', 'f90d4f5a7a011c103ebad8c328423649d7f0734dc3cb51070c200e2e169b7e26'),
(524, 'Nom524', 'Prenom524', 'Lorem Ipsum', 'default.png', '63', 'Nom524.Prenom524@adressemail.com', 'f90d4f5a7a011c103ebad8c328423649d7f0734dc3cb51070c200e2e169b7e26'),
(525, 'Nom525', 'Prenom525', 'Lorem Ipsum', 'default.png', '29', 'Nom525.Prenom525@adressemail.com', 'f90d4f5a7a011c103ebad8c328423649d7f0734dc3cb51070c200e2e169b7e26'),
(526, 'Nom526', 'Prenom526', 'Lorem Ipsum', 'default.png', '21', 'Nom526.Prenom526@adressemail.com', 'f90d4f5a7a011c103ebad8c328423649d7f0734dc3cb51070c200e2e169b7e26'),
(527, 'Nom527', 'Prenom527', 'Lorem Ipsum', 'default.png', '15', 'Nom527.Prenom527@adressemail.com', 'f90d4f5a7a011c103ebad8c328423649d7f0734dc3cb51070c200e2e169b7e26'),
(528, 'Nom528', 'Prenom528', 'Lorem Ipsum', 'default.png', '82', 'Nom528.Prenom528@adressemail.com', 'f90d4f5a7a011c103ebad8c328423649d7f0734dc3cb51070c200e2e169b7e26'),
(529, 'Nom529', 'Prenom529', 'Lorem Ipsum', 'default.png', '13', 'Nom529.Prenom529@adressemail.com', 'f90d4f5a7a011c103ebad8c328423649d7f0734dc3cb51070c200e2e169b7e26'),
(530, 'Nom530', 'Prenom530', 'Lorem Ipsum', 'default.png', '80', 'Nom530.Prenom530@adressemail.com', 'f90d4f5a7a011c103ebad8c328423649d7f0734dc3cb51070c200e2e169b7e26'),
(531, 'Nom531', 'Prenom531', 'Lorem Ipsum', 'default.png', '41', 'Nom531.Prenom531@adressemail.com', 'f90d4f5a7a011c103ebad8c328423649d7f0734dc3cb51070c200e2e169b7e26'),
(532, 'Nom532', 'Prenom532', 'Lorem Ipsum', 'default.png', '52', 'Nom532.Prenom532@adressemail.com', 'f90d4f5a7a011c103ebad8c328423649d7f0734dc3cb51070c200e2e169b7e26'),
(533, 'Nom533', 'Prenom533', 'Lorem Ipsum', 'default.png', '3', 'Nom533.Prenom533@adressemail.com', 'f90d4f5a7a011c103ebad8c328423649d7f0734dc3cb51070c200e2e169b7e26'),
(534, 'Nom534', 'Prenom534', 'Lorem Ipsum', 'default.png', '37', 'Nom534.Prenom534@adressemail.com', 'f90d4f5a7a011c103ebad8c328423649d7f0734dc3cb51070c200e2e169b7e26'),
(535, 'Nom535', 'Prenom535', 'Lorem Ipsum', 'default.png', '86', 'Nom535.Prenom535@adressemail.com', 'f90d4f5a7a011c103ebad8c328423649d7f0734dc3cb51070c200e2e169b7e26'),
(536, 'Nom536', 'Prenom536', 'Lorem Ipsum', 'default.png', '5', 'Nom536.Prenom536@adressemail.com', 'f90d4f5a7a011c103ebad8c328423649d7f0734dc3cb51070c200e2e169b7e26'),
(537, 'Nom537', 'Prenom537', 'Lorem Ipsum', 'default.png', '62', 'Nom537.Prenom537@adressemail.com', 'f90d4f5a7a011c103ebad8c328423649d7f0734dc3cb51070c200e2e169b7e26'),
(538, 'Nom538', 'Prenom538', 'Lorem Ipsum', 'default.png', '33', 'Nom538.Prenom538@adressemail.com', 'f90d4f5a7a011c103ebad8c328423649d7f0734dc3cb51070c200e2e169b7e26'),
(539, 'Nom539', 'Prenom539', 'Lorem Ipsum', 'default.png', '58', 'Nom539.Prenom539@adressemail.com', 'f90d4f5a7a011c103ebad8c328423649d7f0734dc3cb51070c200e2e169b7e26'),
(540, 'Nom540', 'Prenom540', 'Lorem Ipsum', 'default.png', '25', 'Nom540.Prenom540@adressemail.com', 'f90d4f5a7a011c103ebad8c328423649d7f0734dc3cb51070c200e2e169b7e26'),
(541, 'Nom541', 'Prenom541', 'Lorem Ipsum', 'default.png', '61', 'Nom541.Prenom541@adressemail.com', 'f90d4f5a7a011c103ebad8c328423649d7f0734dc3cb51070c200e2e169b7e26'),
(542, 'Nom542', 'Prenom542', 'Lorem Ipsum', 'default.png', '35', 'Nom542.Prenom542@adressemail.com', 'f90d4f5a7a011c103ebad8c328423649d7f0734dc3cb51070c200e2e169b7e26'),
(543, 'Nom543', 'Prenom543', 'Lorem Ipsum', 'default.png', '77', 'Nom543.Prenom543@adressemail.com', 'f90d4f5a7a011c103ebad8c328423649d7f0734dc3cb51070c200e2e169b7e26'),
(544, 'Nom544', 'Prenom544', 'Lorem Ipsum', 'default.png', '35', 'Nom544.Prenom544@adressemail.com', 'f90d4f5a7a011c103ebad8c328423649d7f0734dc3cb51070c200e2e169b7e26'),
(545, 'Nom545', 'Prenom545', 'Lorem Ipsum', 'default.png', '44', 'Nom545.Prenom545@adressemail.com', 'f90d4f5a7a011c103ebad8c328423649d7f0734dc3cb51070c200e2e169b7e26'),
(546, 'Nom546', 'Prenom546', 'Lorem Ipsum', 'default.png', '7', 'Nom546.Prenom546@adressemail.com', 'f90d4f5a7a011c103ebad8c328423649d7f0734dc3cb51070c200e2e169b7e26'),
(547, 'Nom547', 'Prenom547', 'Lorem Ipsum', 'default.png', '68', 'Nom547.Prenom547@adressemail.com', 'f90d4f5a7a011c103ebad8c328423649d7f0734dc3cb51070c200e2e169b7e26'),
(548, 'Nom548', 'Prenom548', 'Lorem Ipsum', 'default.png', '29', 'Nom548.Prenom548@adressemail.com', 'f90d4f5a7a011c103ebad8c328423649d7f0734dc3cb51070c200e2e169b7e26'),
(549, 'Nom549', 'Prenom549', 'Lorem Ipsum', 'default.png', '57', 'Nom549.Prenom549@adressemail.com', 'f90d4f5a7a011c103ebad8c328423649d7f0734dc3cb51070c200e2e169b7e26'),
(550, 'Nom550', 'Prenom550', 'Lorem Ipsum', 'default.png', '51', 'Nom550.Prenom550@adressemail.com', 'f90d4f5a7a011c103ebad8c328423649d7f0734dc3cb51070c200e2e169b7e26'),
(551, 'Nom551', 'Prenom551', 'Lorem Ipsum', 'default.png', '23', 'Nom551.Prenom551@adressemail.com', 'f90d4f5a7a011c103ebad8c328423649d7f0734dc3cb51070c200e2e169b7e26'),
(552, 'Nom552', 'Prenom552', 'Lorem Ipsum', 'default.png', '79', 'Nom552.Prenom552@adressemail.com', 'f90d4f5a7a011c103ebad8c328423649d7f0734dc3cb51070c200e2e169b7e26'),
(553, 'Nom553', 'Prenom553', 'Lorem Ipsum', 'default.png', '52', 'Nom553.Prenom553@adressemail.com', 'f90d4f5a7a011c103ebad8c328423649d7f0734dc3cb51070c200e2e169b7e26'),
(554, 'Nom554', 'Prenom554', 'Lorem Ipsum', 'default.png', '45', 'Nom554.Prenom554@adressemail.com', 'f90d4f5a7a011c103ebad8c328423649d7f0734dc3cb51070c200e2e169b7e26'),
(555, 'Nom555', 'Prenom555', 'Lorem Ipsum', 'default.png', '75', 'Nom555.Prenom555@adressemail.com', 'f90d4f5a7a011c103ebad8c328423649d7f0734dc3cb51070c200e2e169b7e26'),
(556, 'Nom556', 'Prenom556', 'Lorem Ipsum', 'default.png', '37', 'Nom556.Prenom556@adressemail.com', 'f90d4f5a7a011c103ebad8c328423649d7f0734dc3cb51070c200e2e169b7e26'),
(557, 'Nom557', 'Prenom557', 'Lorem Ipsum', 'default.png', '34', 'Nom557.Prenom557@adressemail.com', 'f90d4f5a7a011c103ebad8c328423649d7f0734dc3cb51070c200e2e169b7e26'),
(558, 'Nom558', 'Prenom558', 'Lorem Ipsum', 'default.png', '34', 'Nom558.Prenom558@adressemail.com', 'f90d4f5a7a011c103ebad8c328423649d7f0734dc3cb51070c200e2e169b7e26'),
(559, 'Nom559', 'Prenom559', 'Lorem Ipsum', 'default.png', '9', 'Nom559.Prenom559@adressemail.com', 'f90d4f5a7a011c103ebad8c328423649d7f0734dc3cb51070c200e2e169b7e26'),
(560, 'Nom560', 'Prenom560', 'Lorem Ipsum', 'default.png', '22', 'Nom560.Prenom560@adressemail.com', 'f90d4f5a7a011c103ebad8c328423649d7f0734dc3cb51070c200e2e169b7e26'),
(561, 'Nom561', 'Prenom561', 'Lorem Ipsum', 'default.png', '67', 'Nom561.Prenom561@adressemail.com', 'f90d4f5a7a011c103ebad8c328423649d7f0734dc3cb51070c200e2e169b7e26'),
(562, 'Nom562', 'Prenom562', 'Lorem Ipsum', 'default.png', '22', 'Nom562.Prenom562@adressemail.com', 'f90d4f5a7a011c103ebad8c328423649d7f0734dc3cb51070c200e2e169b7e26'),
(563, 'Nom563', 'Prenom563', 'Lorem Ipsum', 'default.png', '27', 'Nom563.Prenom563@adressemail.com', 'f90d4f5a7a011c103ebad8c328423649d7f0734dc3cb51070c200e2e169b7e26'),
(564, 'Nom564', 'Prenom564', 'Lorem Ipsum', 'default.png', '11', 'Nom564.Prenom564@adressemail.com', 'f90d4f5a7a011c103ebad8c328423649d7f0734dc3cb51070c200e2e169b7e26'),
(565, 'Nom565', 'Prenom565', 'Lorem Ipsum', 'default.png', '7', 'Nom565.Prenom565@adressemail.com', 'f90d4f5a7a011c103ebad8c328423649d7f0734dc3cb51070c200e2e169b7e26'),
(566, 'Nom566', 'Prenom566', 'Lorem Ipsum', 'default.png', '84', 'Nom566.Prenom566@adressemail.com', 'f90d4f5a7a011c103ebad8c328423649d7f0734dc3cb51070c200e2e169b7e26'),
(567, 'Nom567', 'Prenom567', 'Lorem Ipsum', 'default.png', '77', 'Nom567.Prenom567@adressemail.com', 'f90d4f5a7a011c103ebad8c328423649d7f0734dc3cb51070c200e2e169b7e26'),
(568, 'Nom568', 'Prenom568', 'Lorem Ipsum', 'default.png', '41', 'Nom568.Prenom568@adressemail.com', 'f90d4f5a7a011c103ebad8c328423649d7f0734dc3cb51070c200e2e169b7e26'),
(569, 'Nom569', 'Prenom569', 'Lorem Ipsum', 'default.png', '79', 'Nom569.Prenom569@adressemail.com', 'f90d4f5a7a011c103ebad8c328423649d7f0734dc3cb51070c200e2e169b7e26'),
(570, 'Nom570', 'Prenom570', 'Lorem Ipsum', 'default.png', '53', 'Nom570.Prenom570@adressemail.com', 'f90d4f5a7a011c103ebad8c328423649d7f0734dc3cb51070c200e2e169b7e26'),
(571, 'Nom571', 'Prenom571', 'Lorem Ipsum', 'default.png', '83', 'Nom571.Prenom571@adressemail.com', 'f90d4f5a7a011c103ebad8c328423649d7f0734dc3cb51070c200e2e169b7e26'),
(572, 'Nom572', 'Prenom572', 'Lorem Ipsum', 'default.png', '59', 'Nom572.Prenom572@adressemail.com', 'f90d4f5a7a011c103ebad8c328423649d7f0734dc3cb51070c200e2e169b7e26'),
(573, 'Nom573', 'Prenom573', 'Lorem Ipsum', 'default.png', '63', 'Nom573.Prenom573@adressemail.com', 'f90d4f5a7a011c103ebad8c328423649d7f0734dc3cb51070c200e2e169b7e26'),
(574, 'Nom574', 'Prenom574', 'Lorem Ipsum', 'default.png', '4', 'Nom574.Prenom574@adressemail.com', 'f90d4f5a7a011c103ebad8c328423649d7f0734dc3cb51070c200e2e169b7e26'),
(575, 'Nom575', 'Prenom575', 'Lorem Ipsum', 'default.png', '84', 'Nom575.Prenom575@adressemail.com', 'f90d4f5a7a011c103ebad8c328423649d7f0734dc3cb51070c200e2e169b7e26'),
(576, 'Nom576', 'Prenom576', 'Lorem Ipsum', 'default.png', '43', 'Nom576.Prenom576@adressemail.com', 'f90d4f5a7a011c103ebad8c328423649d7f0734dc3cb51070c200e2e169b7e26'),
(577, 'Nom577', 'Prenom577', 'Lorem Ipsum', 'default.png', '29', 'Nom577.Prenom577@adressemail.com', 'f90d4f5a7a011c103ebad8c328423649d7f0734dc3cb51070c200e2e169b7e26'),
(578, 'Nom578', 'Prenom578', 'Lorem Ipsum', 'default.png', '21', 'Nom578.Prenom578@adressemail.com', 'f90d4f5a7a011c103ebad8c328423649d7f0734dc3cb51070c200e2e169b7e26'),
(579, 'Nom579', 'Prenom579', 'Lorem Ipsum', 'default.png', '44', 'Nom579.Prenom579@adressemail.com', 'f90d4f5a7a011c103ebad8c328423649d7f0734dc3cb51070c200e2e169b7e26'),
(580, 'Nom580', 'Prenom580', 'Lorem Ipsum', 'default.png', '84', 'Nom580.Prenom580@adressemail.com', 'f90d4f5a7a011c103ebad8c328423649d7f0734dc3cb51070c200e2e169b7e26'),
(581, 'Nom581', 'Prenom581', 'Lorem Ipsum', 'default.png', '16', 'Nom581.Prenom581@adressemail.com', 'f90d4f5a7a011c103ebad8c328423649d7f0734dc3cb51070c200e2e169b7e26'),
(582, 'Nom582', 'Prenom582', 'Lorem Ipsum', 'default.png', '37', 'Nom582.Prenom582@adressemail.com', 'f90d4f5a7a011c103ebad8c328423649d7f0734dc3cb51070c200e2e169b7e26'),
(583, 'Nom583', 'Prenom583', 'Lorem Ipsum', 'default.png', '31', 'Nom583.Prenom583@adressemail.com', 'f90d4f5a7a011c103ebad8c328423649d7f0734dc3cb51070c200e2e169b7e26'),
(584, 'Nom584', 'Prenom584', 'Lorem Ipsum', 'default.png', '61', 'Nom584.Prenom584@adressemail.com', 'f90d4f5a7a011c103ebad8c328423649d7f0734dc3cb51070c200e2e169b7e26'),
(585, 'Nom585', 'Prenom585', 'Lorem Ipsum', 'default.png', '27', 'Nom585.Prenom585@adressemail.com', 'f90d4f5a7a011c103ebad8c328423649d7f0734dc3cb51070c200e2e169b7e26'),
(586, 'Nom586', 'Prenom586', 'Lorem Ipsum', 'default.png', '92', 'Nom586.Prenom586@adressemail.com', 'f90d4f5a7a011c103ebad8c328423649d7f0734dc3cb51070c200e2e169b7e26'),
(587, 'Nom587', 'Prenom587', 'Lorem Ipsum', 'default.png', '1', 'Nom587.Prenom587@adressemail.com', 'f90d4f5a7a011c103ebad8c328423649d7f0734dc3cb51070c200e2e169b7e26'),
(588, 'Nom588', 'Prenom588', 'Lorem Ipsum', 'default.png', '80', 'Nom588.Prenom588@adressemail.com', 'f90d4f5a7a011c103ebad8c328423649d7f0734dc3cb51070c200e2e169b7e26'),
(589, 'Nom589', 'Prenom589', 'Lorem Ipsum', 'default.png', '71', 'Nom589.Prenom589@adressemail.com', 'f90d4f5a7a011c103ebad8c328423649d7f0734dc3cb51070c200e2e169b7e26'),
(590, 'Nom590', 'Prenom590', 'Lorem Ipsum', 'default.png', '71', 'Nom590.Prenom590@adressemail.com', 'f90d4f5a7a011c103ebad8c328423649d7f0734dc3cb51070c200e2e169b7e26'),
(591, 'Nom591', 'Prenom591', 'Lorem Ipsum', 'default.png', '24', 'Nom591.Prenom591@adressemail.com', 'f90d4f5a7a011c103ebad8c328423649d7f0734dc3cb51070c200e2e169b7e26'),
(592, 'Nom592', 'Prenom592', 'Lorem Ipsum', 'default.png', '21', 'Nom592.Prenom592@adressemail.com', 'f90d4f5a7a011c103ebad8c328423649d7f0734dc3cb51070c200e2e169b7e26'),
(593, 'Nom593', 'Prenom593', 'Lorem Ipsum', 'default.png', '67', 'Nom593.Prenom593@adressemail.com', 'f90d4f5a7a011c103ebad8c328423649d7f0734dc3cb51070c200e2e169b7e26'),
(594, 'Nom594', 'Prenom594', 'Lorem Ipsum', 'default.png', '42', 'Nom594.Prenom594@adressemail.com', 'f90d4f5a7a011c103ebad8c328423649d7f0734dc3cb51070c200e2e169b7e26'),
(595, 'Nom595', 'Prenom595', 'Lorem Ipsum', 'default.png', '19', 'Nom595.Prenom595@adressemail.com', 'f90d4f5a7a011c103ebad8c328423649d7f0734dc3cb51070c200e2e169b7e26'),
(596, 'Nom596', 'Prenom596', 'Lorem Ipsum', 'default.png', '86', 'Nom596.Prenom596@adressemail.com', 'f90d4f5a7a011c103ebad8c328423649d7f0734dc3cb51070c200e2e169b7e26'),
(597, 'Nom597', 'Prenom597', 'Lorem Ipsum', 'default.png', '39', 'Nom597.Prenom597@adressemail.com', 'f90d4f5a7a011c103ebad8c328423649d7f0734dc3cb51070c200e2e169b7e26');
INSERT INTO `personne` (`id_personne`, `nom`, `prenom`, `Description`, `photo`, `id_departement`, `mail`, `mdpHash`) VALUES
(598, 'Nom598', 'Prenom598', 'Lorem Ipsum', 'default.png', '45', 'Nom598.Prenom598@adressemail.com', 'f90d4f5a7a011c103ebad8c328423649d7f0734dc3cb51070c200e2e169b7e26'),
(599, 'Nom599', 'Prenom599', 'Lorem Ipsum', 'default.png', '21', 'Nom599.Prenom599@adressemail.com', 'f90d4f5a7a011c103ebad8c328423649d7f0734dc3cb51070c200e2e169b7e26'),
(600, 'Nom600', 'Prenom600', 'Lorem Ipsum', 'default.png', '63', 'Nom600.Prenom600@adressemail.com', 'f90d4f5a7a011c103ebad8c328423649d7f0734dc3cb51070c200e2e169b7e26'),
(601, 'Nom601', 'Prenom601', 'Lorem Ipsum', 'default.png', '81', 'Nom601.Prenom601@adressemail.com', 'f90d4f5a7a011c103ebad8c328423649d7f0734dc3cb51070c200e2e169b7e26'),
(602, 'Nom602', 'Prenom602', 'Lorem Ipsum', 'default.png', '91', 'Nom602.Prenom602@adressemail.com', 'f90d4f5a7a011c103ebad8c328423649d7f0734dc3cb51070c200e2e169b7e26'),
(603, 'Nom603', 'Prenom603', 'Lorem Ipsum', 'default.png', '44', 'Nom603.Prenom603@adressemail.com', 'f90d4f5a7a011c103ebad8c328423649d7f0734dc3cb51070c200e2e169b7e26'),
(604, 'Nom604', 'Prenom604', 'Lorem Ipsum', 'default.png', '41', 'Nom604.Prenom604@adressemail.com', 'f90d4f5a7a011c103ebad8c328423649d7f0734dc3cb51070c200e2e169b7e26'),
(605, 'Nom605', 'Prenom605', 'Lorem Ipsum', 'default.png', '91', 'Nom605.Prenom605@adressemail.com', 'f90d4f5a7a011c103ebad8c328423649d7f0734dc3cb51070c200e2e169b7e26'),
(606, 'Nom606', 'Prenom606', 'Lorem Ipsum', 'default.png', '43', 'Nom606.Prenom606@adressemail.com', 'f90d4f5a7a011c103ebad8c328423649d7f0734dc3cb51070c200e2e169b7e26'),
(607, 'Nom607', 'Prenom607', 'Lorem Ipsum', 'default.png', '3', 'Nom607.Prenom607@adressemail.com', 'f90d4f5a7a011c103ebad8c328423649d7f0734dc3cb51070c200e2e169b7e26'),
(608, 'Nom608', 'Prenom608', 'Lorem Ipsum', 'default.png', '3', 'Nom608.Prenom608@adressemail.com', 'f90d4f5a7a011c103ebad8c328423649d7f0734dc3cb51070c200e2e169b7e26'),
(609, 'Nom609', 'Prenom609', 'Lorem Ipsum', 'default.png', '6', 'Nom609.Prenom609@adressemail.com', 'f90d4f5a7a011c103ebad8c328423649d7f0734dc3cb51070c200e2e169b7e26'),
(610, 'Nom610', 'Prenom610', 'Lorem Ipsum', 'default.png', '78', 'Nom610.Prenom610@adressemail.com', 'f90d4f5a7a011c103ebad8c328423649d7f0734dc3cb51070c200e2e169b7e26'),
(611, 'Nom611', 'Prenom611', 'Lorem Ipsum', 'default.png', '74', 'Nom611.Prenom611@adressemail.com', 'f90d4f5a7a011c103ebad8c328423649d7f0734dc3cb51070c200e2e169b7e26'),
(612, 'Nom612', 'Prenom612', 'Lorem Ipsum', 'default.png', '46', 'Nom612.Prenom612@adressemail.com', 'f90d4f5a7a011c103ebad8c328423649d7f0734dc3cb51070c200e2e169b7e26'),
(613, 'Nom613', 'Prenom613', 'Lorem Ipsum', 'default.png', '48', 'Nom613.Prenom613@adressemail.com', 'f90d4f5a7a011c103ebad8c328423649d7f0734dc3cb51070c200e2e169b7e26'),
(614, 'Nom614', 'Prenom614', 'Lorem Ipsum', 'default.png', '43', 'Nom614.Prenom614@adressemail.com', 'f90d4f5a7a011c103ebad8c328423649d7f0734dc3cb51070c200e2e169b7e26'),
(615, 'Nom615', 'Prenom615', 'Lorem Ipsum', 'default.png', '80', 'Nom615.Prenom615@adressemail.com', 'f90d4f5a7a011c103ebad8c328423649d7f0734dc3cb51070c200e2e169b7e26'),
(616, 'Nom616', 'Prenom616', 'Lorem Ipsum', 'default.png', '73', 'Nom616.Prenom616@adressemail.com', 'f90d4f5a7a011c103ebad8c328423649d7f0734dc3cb51070c200e2e169b7e26'),
(617, 'Nom617', 'Prenom617', 'Lorem Ipsum', 'default.png', '61', 'Nom617.Prenom617@adressemail.com', 'f90d4f5a7a011c103ebad8c328423649d7f0734dc3cb51070c200e2e169b7e26'),
(618, 'Nom618', 'Prenom618', 'Lorem Ipsum', 'default.png', '78', 'Nom618.Prenom618@adressemail.com', 'f90d4f5a7a011c103ebad8c328423649d7f0734dc3cb51070c200e2e169b7e26'),
(619, 'Nom619', 'Prenom619', 'Lorem Ipsum', 'default.png', '61', 'Nom619.Prenom619@adressemail.com', 'f90d4f5a7a011c103ebad8c328423649d7f0734dc3cb51070c200e2e169b7e26'),
(620, 'Nom620', 'Prenom620', 'Lorem Ipsum', 'default.png', '87', 'Nom620.Prenom620@adressemail.com', 'f90d4f5a7a011c103ebad8c328423649d7f0734dc3cb51070c200e2e169b7e26'),
(621, 'Nom621', 'Prenom621', 'Lorem Ipsum', 'default.png', '8', 'Nom621.Prenom621@adressemail.com', 'f90d4f5a7a011c103ebad8c328423649d7f0734dc3cb51070c200e2e169b7e26'),
(622, 'Nom622', 'Prenom622', 'Lorem Ipsum', 'default.png', '90', 'Nom622.Prenom622@adressemail.com', 'f90d4f5a7a011c103ebad8c328423649d7f0734dc3cb51070c200e2e169b7e26'),
(623, 'Nom623', 'Prenom623', 'Lorem Ipsum', 'default.png', '82', 'Nom623.Prenom623@adressemail.com', 'f90d4f5a7a011c103ebad8c328423649d7f0734dc3cb51070c200e2e169b7e26'),
(624, 'Nom624', 'Prenom624', 'Lorem Ipsum', 'default.png', '44', 'Nom624.Prenom624@adressemail.com', 'f90d4f5a7a011c103ebad8c328423649d7f0734dc3cb51070c200e2e169b7e26'),
(625, 'Nom625', 'Prenom625', 'Lorem Ipsum', 'default.png', '86', 'Nom625.Prenom625@adressemail.com', 'f90d4f5a7a011c103ebad8c328423649d7f0734dc3cb51070c200e2e169b7e26'),
(627, 'Nom627', 'Prenom627', 'Lorem Ipsum', 'default.png', '14', 'Nom627.Prenom627@adressemail.com', 'f90d4f5a7a011c103ebad8c328423649d7f0734dc3cb51070c200e2e169b7e26'),
(628, 'Nom628', 'Prenom628', 'Lorem Ipsum', 'default.png', '65', 'Nom628.Prenom628@adressemail.com', 'f90d4f5a7a011c103ebad8c328423649d7f0734dc3cb51070c200e2e169b7e26'),
(629, 'Nom629', 'Prenom629', 'Lorem Ipsum', 'default.png', '47', 'Nom629.Prenom629@adressemail.com', 'f90d4f5a7a011c103ebad8c328423649d7f0734dc3cb51070c200e2e169b7e26'),
(630, 'Nom630', 'Prenom630', 'Lorem Ipsum', 'default.png', '95', 'Nom630.Prenom630@adressemail.com', 'f90d4f5a7a011c103ebad8c328423649d7f0734dc3cb51070c200e2e169b7e26'),
(631, 'Nom631', 'Prenom631', 'Lorem Ipsum', 'default.png', '39', 'Nom631.Prenom631@adressemail.com', 'f90d4f5a7a011c103ebad8c328423649d7f0734dc3cb51070c200e2e169b7e26'),
(632, 'Nom632', 'Prenom632', 'Lorem Ipsum', 'default.png', '30', 'Nom632.Prenom632@adressemail.com', 'f90d4f5a7a011c103ebad8c328423649d7f0734dc3cb51070c200e2e169b7e26'),
(633, 'Nom633', 'Prenom633', 'Lorem Ipsum', 'default.png', '10', 'Nom633.Prenom633@adressemail.com', 'f90d4f5a7a011c103ebad8c328423649d7f0734dc3cb51070c200e2e169b7e26'),
(634, 'Nom634', 'Prenom634', 'Lorem Ipsum', 'default.png', '48', 'Nom634.Prenom634@adressemail.com', 'f90d4f5a7a011c103ebad8c328423649d7f0734dc3cb51070c200e2e169b7e26'),
(635, 'Nom635', 'Prenom635', 'Lorem Ipsum', 'default.png', '13', 'Nom635.Prenom635@adressemail.com', 'f90d4f5a7a011c103ebad8c328423649d7f0734dc3cb51070c200e2e169b7e26'),
(636, 'Nom636', 'Prenom636', 'Lorem Ipsum', 'default.png', '40', 'Nom636.Prenom636@adressemail.com', 'f90d4f5a7a011c103ebad8c328423649d7f0734dc3cb51070c200e2e169b7e26'),
(637, 'Nom637', 'Prenom637', 'Lorem Ipsum', 'default.png', '50', 'Nom637.Prenom637@adressemail.com', 'f90d4f5a7a011c103ebad8c328423649d7f0734dc3cb51070c200e2e169b7e26'),
(638, 'Nom638', 'Prenom638', 'Lorem Ipsum', 'default.png', '85', 'Nom638.Prenom638@adressemail.com', 'f90d4f5a7a011c103ebad8c328423649d7f0734dc3cb51070c200e2e169b7e26'),
(639, 'Nom639', 'Prenom639', 'Lorem Ipsum', 'default.png', '15', 'Nom639.Prenom639@adressemail.com', 'f90d4f5a7a011c103ebad8c328423649d7f0734dc3cb51070c200e2e169b7e26'),
(640, 'Nom640', 'Prenom640', 'Lorem Ipsum', 'default.png', '4', 'Nom640.Prenom640@adressemail.com', 'f90d4f5a7a011c103ebad8c328423649d7f0734dc3cb51070c200e2e169b7e26'),
(641, 'Nom641', 'Prenom641', 'Lorem Ipsum', 'default.png', '26', 'Nom641.Prenom641@adressemail.com', 'f90d4f5a7a011c103ebad8c328423649d7f0734dc3cb51070c200e2e169b7e26'),
(642, 'Nom642', 'Prenom642', 'Lorem Ipsum', 'default.png', '12', 'Nom642.Prenom642@adressemail.com', 'f90d4f5a7a011c103ebad8c328423649d7f0734dc3cb51070c200e2e169b7e26'),
(643, 'Nom643', 'Prenom643', 'Lorem Ipsum', 'default.png', '21', 'Nom643.Prenom643@adressemail.com', 'f90d4f5a7a011c103ebad8c328423649d7f0734dc3cb51070c200e2e169b7e26'),
(644, 'Nom644', 'Prenom644', 'Lorem Ipsum', 'default.png', '69', 'Nom644.Prenom644@adressemail.com', 'f90d4f5a7a011c103ebad8c328423649d7f0734dc3cb51070c200e2e169b7e26'),
(645, 'Nom645', 'Prenom645', 'Lorem Ipsum', 'default.png', '7', 'Nom645.Prenom645@adressemail.com', 'f90d4f5a7a011c103ebad8c328423649d7f0734dc3cb51070c200e2e169b7e26'),
(646, 'Nom646', 'Prenom646', 'Lorem Ipsum', 'default.png', '23', 'Nom646.Prenom646@adressemail.com', 'f90d4f5a7a011c103ebad8c328423649d7f0734dc3cb51070c200e2e169b7e26'),
(647, 'Nom647', 'Prenom647', 'Lorem Ipsum', 'default.png', '57', 'Nom647.Prenom647@adressemail.com', 'f90d4f5a7a011c103ebad8c328423649d7f0734dc3cb51070c200e2e169b7e26'),
(649, 'Nom649', 'Prenom649', 'Lorem Ipsum', 'default.png', '85', 'Nom649.Prenom649@adressemail.com', 'f90d4f5a7a011c103ebad8c328423649d7f0734dc3cb51070c200e2e169b7e26'),
(650, 'Nom650', 'Prenom650', 'Lorem Ipsum', 'default.png', '1', 'Nom650.Prenom650@adressemail.com', 'f90d4f5a7a011c103ebad8c328423649d7f0734dc3cb51070c200e2e169b7e26'),
(651, 'Nom651', 'Prenom651', 'Lorem Ipsum', 'default.png', '42', 'Nom651.Prenom651@adressemail.com', 'f90d4f5a7a011c103ebad8c328423649d7f0734dc3cb51070c200e2e169b7e26'),
(652, 'Nom652', 'Prenom652', 'Lorem Ipsum', 'default.png', '70', 'Nom652.Prenom652@adressemail.com', 'f90d4f5a7a011c103ebad8c328423649d7f0734dc3cb51070c200e2e169b7e26'),
(653, 'Nom653', 'Prenom653', 'Lorem Ipsum', 'default.png', '50', 'Nom653.Prenom653@adressemail.com', 'f90d4f5a7a011c103ebad8c328423649d7f0734dc3cb51070c200e2e169b7e26'),
(654, 'Nom654', 'Prenom654', 'Lorem Ipsum', 'default.png', '41', 'Nom654.Prenom654@adressemail.com', 'f90d4f5a7a011c103ebad8c328423649d7f0734dc3cb51070c200e2e169b7e26'),
(655, 'Nom655', 'Prenom655', 'Lorem Ipsum', 'default.png', '91', 'Nom655.Prenom655@adressemail.com', 'f90d4f5a7a011c103ebad8c328423649d7f0734dc3cb51070c200e2e169b7e26'),
(656, 'Nom656', 'Prenom656', 'Lorem Ipsum', 'default.png', '4', 'Nom656.Prenom656@adressemail.com', 'f90d4f5a7a011c103ebad8c328423649d7f0734dc3cb51070c200e2e169b7e26'),
(657, 'Nom657', 'Prenom657', 'Lorem Ipsum', 'default.png', '93', 'Nom657.Prenom657@adressemail.com', 'f90d4f5a7a011c103ebad8c328423649d7f0734dc3cb51070c200e2e169b7e26'),
(658, 'Nom658', 'Prenom658', 'Lorem Ipsum', 'default.png', '35', 'Nom658.Prenom658@adressemail.com', 'f90d4f5a7a011c103ebad8c328423649d7f0734dc3cb51070c200e2e169b7e26'),
(659, 'Nom659', 'Prenom659', 'Lorem Ipsum', 'default.png', '3', 'Nom659.Prenom659@adressemail.com', 'f90d4f5a7a011c103ebad8c328423649d7f0734dc3cb51070c200e2e169b7e26'),
(660, 'Nom660', 'Prenom660', 'Lorem Ipsum', 'default.png', '87', 'Nom660.Prenom660@adressemail.com', 'f90d4f5a7a011c103ebad8c328423649d7f0734dc3cb51070c200e2e169b7e26'),
(661, 'Nom661', 'Prenom661', 'Lorem Ipsum', 'default.png', '49', 'Nom661.Prenom661@adressemail.com', 'f90d4f5a7a011c103ebad8c328423649d7f0734dc3cb51070c200e2e169b7e26'),
(662, 'Nom662', 'Prenom662', 'Lorem Ipsum', 'default.png', '9', 'Nom662.Prenom662@adressemail.com', 'f90d4f5a7a011c103ebad8c328423649d7f0734dc3cb51070c200e2e169b7e26'),
(663, 'Nom663', 'Prenom663', 'Lorem Ipsum', 'default.png', '76', 'Nom663.Prenom663@adressemail.com', 'f90d4f5a7a011c103ebad8c328423649d7f0734dc3cb51070c200e2e169b7e26'),
(664, 'Nom664', 'Prenom664', 'Lorem Ipsum', 'default.png', '35', 'Nom664.Prenom664@adressemail.com', 'f90d4f5a7a011c103ebad8c328423649d7f0734dc3cb51070c200e2e169b7e26'),
(665, 'Nom665', 'Prenom665', 'Lorem Ipsum', 'default.png', '88', 'Nom665.Prenom665@adressemail.com', 'f90d4f5a7a011c103ebad8c328423649d7f0734dc3cb51070c200e2e169b7e26'),
(666, 'Nom666', 'Prenom666', 'Lorem Ipsum', 'default.png', '53', 'Nom666.Prenom666@adressemail.com', 'f90d4f5a7a011c103ebad8c328423649d7f0734dc3cb51070c200e2e169b7e26'),
(667, 'Nom667', 'Prenom667', 'Lorem Ipsum', 'default.png', '51', 'Nom667.Prenom667@adressemail.com', 'f90d4f5a7a011c103ebad8c328423649d7f0734dc3cb51070c200e2e169b7e26'),
(668, 'Nom668', 'Prenom668', 'Lorem Ipsum', 'default.png', '26', 'Nom668.Prenom668@adressemail.com', 'f90d4f5a7a011c103ebad8c328423649d7f0734dc3cb51070c200e2e169b7e26'),
(669, 'Nom669', 'Prenom669', 'Lorem Ipsum', 'default.png', '58', 'Nom669.Prenom669@adressemail.com', 'f90d4f5a7a011c103ebad8c328423649d7f0734dc3cb51070c200e2e169b7e26'),
(670, 'Nom670', 'Prenom670', 'Lorem Ipsum', 'default.png', '9', 'Nom670.Prenom670@adressemail.com', 'f90d4f5a7a011c103ebad8c328423649d7f0734dc3cb51070c200e2e169b7e26'),
(671, 'Nom671', 'Prenom671', 'Lorem Ipsum', 'default.png', '1', 'Nom671.Prenom671@adressemail.com', 'f90d4f5a7a011c103ebad8c328423649d7f0734dc3cb51070c200e2e169b7e26'),
(672, 'Nom672', 'Prenom672', 'Lorem Ipsum', 'default.png', '26', 'Nom672.Prenom672@adressemail.com', 'f90d4f5a7a011c103ebad8c328423649d7f0734dc3cb51070c200e2e169b7e26'),
(673, 'Nom673', 'Prenom673', 'Lorem Ipsum', 'default.png', '14', 'Nom673.Prenom673@adressemail.com', 'f90d4f5a7a011c103ebad8c328423649d7f0734dc3cb51070c200e2e169b7e26'),
(674, 'Nom674', 'Prenom674', 'Lorem Ipsum', 'default.png', '5', 'Nom674.Prenom674@adressemail.com', 'f90d4f5a7a011c103ebad8c328423649d7f0734dc3cb51070c200e2e169b7e26'),
(675, 'Nom675', 'Prenom675', 'Lorem Ipsum', 'default.png', '35', 'Nom675.Prenom675@adressemail.com', 'f90d4f5a7a011c103ebad8c328423649d7f0734dc3cb51070c200e2e169b7e26'),
(676, 'Nom676', 'Prenom676', 'Lorem Ipsum', 'default.png', '3', 'Nom676.Prenom676@adressemail.com', 'f90d4f5a7a011c103ebad8c328423649d7f0734dc3cb51070c200e2e169b7e26'),
(677, 'Nom677', 'Prenom677', 'Lorem Ipsum', 'default.png', '54', 'Nom677.Prenom677@adressemail.com', 'f90d4f5a7a011c103ebad8c328423649d7f0734dc3cb51070c200e2e169b7e26'),
(678, 'Nom678', 'Prenom678', 'Lorem Ipsum', 'default.png', '3', 'Nom678.Prenom678@adressemail.com', 'f90d4f5a7a011c103ebad8c328423649d7f0734dc3cb51070c200e2e169b7e26'),
(679, 'Nom679', 'Prenom679', 'Lorem Ipsum', 'default.png', '28', 'Nom679.Prenom679@adressemail.com', 'f90d4f5a7a011c103ebad8c328423649d7f0734dc3cb51070c200e2e169b7e26'),
(680, 'Nom680', 'Prenom680', 'Lorem Ipsum', 'default.png', '1', 'Nom680.Prenom680@adressemail.com', 'f90d4f5a7a011c103ebad8c328423649d7f0734dc3cb51070c200e2e169b7e26'),
(681, 'Nom681', 'Prenom681', 'Lorem Ipsum', 'default.png', '35', 'Nom681.Prenom681@adressemail.com', 'f90d4f5a7a011c103ebad8c328423649d7f0734dc3cb51070c200e2e169b7e26'),
(682, 'Nom682', 'Prenom682', 'Lorem Ipsum', 'default.png', '67', 'Nom682.Prenom682@adressemail.com', 'f90d4f5a7a011c103ebad8c328423649d7f0734dc3cb51070c200e2e169b7e26'),
(683, 'Nom683', 'Prenom683', 'Lorem Ipsum', 'default.png', '35', 'Nom683.Prenom683@adressemail.com', 'f90d4f5a7a011c103ebad8c328423649d7f0734dc3cb51070c200e2e169b7e26'),
(684, 'Nom684', 'Prenom684', 'Lorem Ipsum', 'default.png', '55', 'Nom684.Prenom684@adressemail.com', 'f90d4f5a7a011c103ebad8c328423649d7f0734dc3cb51070c200e2e169b7e26'),
(685, 'Nom685', 'Prenom685', 'Lorem Ipsum', 'default.png', '92', 'Nom685.Prenom685@adressemail.com', 'f90d4f5a7a011c103ebad8c328423649d7f0734dc3cb51070c200e2e169b7e26'),
(686, 'Nom686', 'Prenom686', 'Lorem Ipsum', 'default.png', '62', 'Nom686.Prenom686@adressemail.com', 'f90d4f5a7a011c103ebad8c328423649d7f0734dc3cb51070c200e2e169b7e26'),
(687, 'Nom687', 'Prenom687', 'Lorem Ipsum', 'default.png', '61', 'Nom687.Prenom687@adressemail.com', 'f90d4f5a7a011c103ebad8c328423649d7f0734dc3cb51070c200e2e169b7e26'),
(688, 'Nom688', 'Prenom688', 'Lorem Ipsum', 'default.png', '31', 'Nom688.Prenom688@adressemail.com', 'f90d4f5a7a011c103ebad8c328423649d7f0734dc3cb51070c200e2e169b7e26'),
(689, 'Nom689', 'Prenom689', 'Lorem Ipsum', 'default.png', '49', 'Nom689.Prenom689@adressemail.com', 'f90d4f5a7a011c103ebad8c328423649d7f0734dc3cb51070c200e2e169b7e26'),
(690, 'Nom690', 'Prenom690', 'Lorem Ipsum', 'default.png', '86', 'Nom690.Prenom690@adressemail.com', 'f90d4f5a7a011c103ebad8c328423649d7f0734dc3cb51070c200e2e169b7e26'),
(691, 'Nom691', 'Prenom691', 'Lorem Ipsum', 'default.png', '74', 'Nom691.Prenom691@adressemail.com', 'f90d4f5a7a011c103ebad8c328423649d7f0734dc3cb51070c200e2e169b7e26'),
(692, 'Nom692', 'Prenom692', 'Lorem Ipsum', 'default.png', '16', 'Nom692.Prenom692@adressemail.com', 'f90d4f5a7a011c103ebad8c328423649d7f0734dc3cb51070c200e2e169b7e26'),
(693, 'Nom693', 'Prenom693', 'Lorem Ipsum', 'default.png', '60', 'Nom693.Prenom693@adressemail.com', 'f90d4f5a7a011c103ebad8c328423649d7f0734dc3cb51070c200e2e169b7e26'),
(694, 'Nom694', 'Prenom694', 'Lorem Ipsum', 'default.png', '45', 'Nom694.Prenom694@adressemail.com', 'f90d4f5a7a011c103ebad8c328423649d7f0734dc3cb51070c200e2e169b7e26'),
(695, 'Nom695', 'Prenom695', 'Lorem Ipsum', 'default.png', '31', 'Nom695.Prenom695@adressemail.com', 'f90d4f5a7a011c103ebad8c328423649d7f0734dc3cb51070c200e2e169b7e26'),
(696, 'Nom696', 'Prenom696', 'Lorem Ipsum', 'default.png', '80', 'Nom696.Prenom696@adressemail.com', 'f90d4f5a7a011c103ebad8c328423649d7f0734dc3cb51070c200e2e169b7e26'),
(697, 'Nom697', 'Prenom697', 'Lorem Ipsum', 'default.png', '42', 'Nom697.Prenom697@adressemail.com', 'f90d4f5a7a011c103ebad8c328423649d7f0734dc3cb51070c200e2e169b7e26'),
(698, 'Nom698', 'Prenom698', 'Lorem Ipsum', 'default.png', '94', 'Nom698.Prenom698@adressemail.com', 'f90d4f5a7a011c103ebad8c328423649d7f0734dc3cb51070c200e2e169b7e26'),
(699, 'Nom699', 'Prenom699', 'Lorem Ipsum', 'default.png', '84', 'Nom699.Prenom699@adressemail.com', 'f90d4f5a7a011c103ebad8c328423649d7f0734dc3cb51070c200e2e169b7e26'),
(700, 'Nom700', 'Prenom700', 'Lorem Ipsum', 'default.png', '89', 'Nom700.Prenom700@adressemail.com', 'f90d4f5a7a011c103ebad8c328423649d7f0734dc3cb51070c200e2e169b7e26'),
(701, 'Nom701', 'Prenom701', 'Lorem Ipsum', 'default.png', '69', 'Nom701.Prenom701@adressemail.com', 'f90d4f5a7a011c103ebad8c328423649d7f0734dc3cb51070c200e2e169b7e26'),
(702, 'Nom702', 'Prenom702', 'Lorem Ipsum', 'default.png', '55', 'Nom702.Prenom702@adressemail.com', 'f90d4f5a7a011c103ebad8c328423649d7f0734dc3cb51070c200e2e169b7e26'),
(703, 'Nom703', 'Prenom703', 'Lorem Ipsum', 'default.png', '57', 'Nom703.Prenom703@adressemail.com', 'f90d4f5a7a011c103ebad8c328423649d7f0734dc3cb51070c200e2e169b7e26'),
(704, 'Nom704', 'Prenom704', 'Lorem Ipsum', 'default.png', '82', 'Nom704.Prenom704@adressemail.com', 'f90d4f5a7a011c103ebad8c328423649d7f0734dc3cb51070c200e2e169b7e26'),
(705, 'Nom705', 'Prenom705', 'Lorem Ipsum', 'default.png', '56', 'Nom705.Prenom705@adressemail.com', 'f90d4f5a7a011c103ebad8c328423649d7f0734dc3cb51070c200e2e169b7e26'),
(706, 'Nom706', 'Prenom706', 'Lorem Ipsum', 'default.png', '13', 'Nom706.Prenom706@adressemail.com', 'f90d4f5a7a011c103ebad8c328423649d7f0734dc3cb51070c200e2e169b7e26'),
(707, 'Nom707', 'Prenom707', 'Lorem Ipsum', 'default.png', '77', 'Nom707.Prenom707@adressemail.com', 'f90d4f5a7a011c103ebad8c328423649d7f0734dc3cb51070c200e2e169b7e26'),
(708, 'Nom708', 'Prenom708', 'Lorem Ipsum', 'default.png', '90', 'Nom708.Prenom708@adressemail.com', 'f90d4f5a7a011c103ebad8c328423649d7f0734dc3cb51070c200e2e169b7e26'),
(709, 'Nom709', 'Prenom709', 'Lorem Ipsum', 'default.png', '53', 'Nom709.Prenom709@adressemail.com', 'f90d4f5a7a011c103ebad8c328423649d7f0734dc3cb51070c200e2e169b7e26'),
(710, 'Nom710', 'Prenom710', 'Lorem Ipsum', 'default.png', '1', 'Nom710.Prenom710@adressemail.com', 'f90d4f5a7a011c103ebad8c328423649d7f0734dc3cb51070c200e2e169b7e26'),
(711, 'Nom711', 'Prenom711', 'Lorem Ipsum', 'default.png', '81', 'Nom711.Prenom711@adressemail.com', 'f90d4f5a7a011c103ebad8c328423649d7f0734dc3cb51070c200e2e169b7e26'),
(712, 'Nom712', 'Prenom712', 'Lorem Ipsum', 'default.png', '43', 'Nom712.Prenom712@adressemail.com', 'f90d4f5a7a011c103ebad8c328423649d7f0734dc3cb51070c200e2e169b7e26'),
(713, 'Nom713', 'Prenom713', 'Lorem Ipsum', 'default.png', '3', 'Nom713.Prenom713@adressemail.com', 'f90d4f5a7a011c103ebad8c328423649d7f0734dc3cb51070c200e2e169b7e26'),
(714, 'Nom714', 'Prenom714', 'Lorem Ipsum', 'default.png', '75', 'Nom714.Prenom714@adressemail.com', 'f90d4f5a7a011c103ebad8c328423649d7f0734dc3cb51070c200e2e169b7e26'),
(715, 'Nom715', 'Prenom715', 'Lorem Ipsum', 'default.png', '95', 'Nom715.Prenom715@adressemail.com', 'f90d4f5a7a011c103ebad8c328423649d7f0734dc3cb51070c200e2e169b7e26'),
(716, 'Nom716', 'Prenom716', 'Lorem Ipsum', 'default.png', '52', 'Nom716.Prenom716@adressemail.com', 'f90d4f5a7a011c103ebad8c328423649d7f0734dc3cb51070c200e2e169b7e26'),
(717, 'Nom717', 'Prenom717', 'Lorem Ipsum', 'default.png', '28', 'Nom717.Prenom717@adressemail.com', 'f90d4f5a7a011c103ebad8c328423649d7f0734dc3cb51070c200e2e169b7e26'),
(718, 'Nom718', 'Prenom718', 'Lorem Ipsum', 'default.png', '35', 'Nom718.Prenom718@adressemail.com', 'f90d4f5a7a011c103ebad8c328423649d7f0734dc3cb51070c200e2e169b7e26'),
(719, 'Nom719', 'Prenom719', 'Lorem Ipsum', 'default.png', '46', 'Nom719.Prenom719@adressemail.com', 'f90d4f5a7a011c103ebad8c328423649d7f0734dc3cb51070c200e2e169b7e26'),
(720, 'Nom720', 'Prenom720', 'Lorem Ipsum', 'default.png', '41', 'Nom720.Prenom720@adressemail.com', 'f90d4f5a7a011c103ebad8c328423649d7f0734dc3cb51070c200e2e169b7e26'),
(721, 'Nom721', 'Prenom721', 'Lorem Ipsum', 'default.png', '26', 'Nom721.Prenom721@adressemail.com', 'f90d4f5a7a011c103ebad8c328423649d7f0734dc3cb51070c200e2e169b7e26'),
(722, 'Nom722', 'Prenom722', 'Lorem Ipsum', 'default.png', '50', 'Nom722.Prenom722@adressemail.com', 'f90d4f5a7a011c103ebad8c328423649d7f0734dc3cb51070c200e2e169b7e26'),
(723, 'Nom723', 'Prenom723', 'Lorem Ipsum', 'default.png', '45', 'Nom723.Prenom723@adressemail.com', 'f90d4f5a7a011c103ebad8c328423649d7f0734dc3cb51070c200e2e169b7e26'),
(724, 'Nom724', 'Prenom724', 'Lorem Ipsum', 'default.png', '58', 'Nom724.Prenom724@adressemail.com', 'f90d4f5a7a011c103ebad8c328423649d7f0734dc3cb51070c200e2e169b7e26'),
(725, 'Nom725', 'Prenom725', 'Lorem Ipsum', 'default.png', '76', 'Nom725.Prenom725@adressemail.com', 'f90d4f5a7a011c103ebad8c328423649d7f0734dc3cb51070c200e2e169b7e26'),
(726, 'Nom726', 'Prenom726', 'Lorem Ipsum', 'default.png', '84', 'Nom726.Prenom726@adressemail.com', 'f90d4f5a7a011c103ebad8c328423649d7f0734dc3cb51070c200e2e169b7e26'),
(727, 'Nom727', 'Prenom727', 'Lorem Ipsum', 'default.png', '22', 'Nom727.Prenom727@adressemail.com', 'f90d4f5a7a011c103ebad8c328423649d7f0734dc3cb51070c200e2e169b7e26'),
(728, 'Nom728', 'Prenom728', 'Lorem Ipsum', 'default.png', '52', 'Nom728.Prenom728@adressemail.com', 'f90d4f5a7a011c103ebad8c328423649d7f0734dc3cb51070c200e2e169b7e26'),
(730, 'Nom730', 'Prenom730', 'Lorem Ipsum', 'default.png', '53', 'Nom730.Prenom730@adressemail.com', 'f90d4f5a7a011c103ebad8c328423649d7f0734dc3cb51070c200e2e169b7e26'),
(731, 'Nom731', 'Prenom731', 'Lorem Ipsum', 'default.png', '13', 'Nom731.Prenom731@adressemail.com', 'f90d4f5a7a011c103ebad8c328423649d7f0734dc3cb51070c200e2e169b7e26'),
(732, 'Nom732', 'Prenom732', 'Lorem Ipsum', 'default.png', '51', 'Nom732.Prenom732@adressemail.com', 'f90d4f5a7a011c103ebad8c328423649d7f0734dc3cb51070c200e2e169b7e26'),
(733, 'Nom733', 'Prenom733', 'Lorem Ipsum', 'default.png', '76', 'Nom733.Prenom733@adressemail.com', 'f90d4f5a7a011c103ebad8c328423649d7f0734dc3cb51070c200e2e169b7e26'),
(734, 'Nom734', 'Prenom734', 'Lorem Ipsum', 'default.png', '37', 'Nom734.Prenom734@adressemail.com', 'f90d4f5a7a011c103ebad8c328423649d7f0734dc3cb51070c200e2e169b7e26'),
(735, 'Nom735', 'Prenom735', 'Lorem Ipsum', 'default.png', '50', 'Nom735.Prenom735@adressemail.com', 'f90d4f5a7a011c103ebad8c328423649d7f0734dc3cb51070c200e2e169b7e26'),
(736, 'Nom736', 'Prenom736', 'Lorem Ipsum', 'default.png', '51', 'Nom736.Prenom736@adressemail.com', 'f90d4f5a7a011c103ebad8c328423649d7f0734dc3cb51070c200e2e169b7e26'),
(737, 'Nom737', 'Prenom737', 'Lorem Ipsum', 'default.png', '51', 'Nom737.Prenom737@adressemail.com', 'f90d4f5a7a011c103ebad8c328423649d7f0734dc3cb51070c200e2e169b7e26'),
(738, 'Nom738', 'Prenom738', 'Lorem Ipsum', 'default.png', '94', 'Nom738.Prenom738@adressemail.com', 'f90d4f5a7a011c103ebad8c328423649d7f0734dc3cb51070c200e2e169b7e26'),
(739, 'Nom739', 'Prenom739', 'Lorem Ipsum', 'default.png', '34', 'Nom739.Prenom739@adressemail.com', 'f90d4f5a7a011c103ebad8c328423649d7f0734dc3cb51070c200e2e169b7e26'),
(740, 'Nom740', 'Prenom740', 'Lorem Ipsum', 'default.png', '36', 'Nom740.Prenom740@adressemail.com', 'f90d4f5a7a011c103ebad8c328423649d7f0734dc3cb51070c200e2e169b7e26'),
(741, 'Nom741', 'Prenom741', 'Lorem Ipsum', 'default.png', '17', 'Nom741.Prenom741@adressemail.com', 'f90d4f5a7a011c103ebad8c328423649d7f0734dc3cb51070c200e2e169b7e26'),
(742, 'Nom742', 'Prenom742', 'Lorem Ipsum', 'default.png', '12', 'Nom742.Prenom742@adressemail.com', 'f90d4f5a7a011c103ebad8c328423649d7f0734dc3cb51070c200e2e169b7e26'),
(743, 'Nom743', 'Prenom743', 'Lorem Ipsum', 'default.png', '88', 'Nom743.Prenom743@adressemail.com', 'f90d4f5a7a011c103ebad8c328423649d7f0734dc3cb51070c200e2e169b7e26'),
(744, 'Nom744', 'Prenom744', 'Lorem Ipsum', 'default.png', '12', 'Nom744.Prenom744@adressemail.com', 'f90d4f5a7a011c103ebad8c328423649d7f0734dc3cb51070c200e2e169b7e26'),
(745, 'Nom745', 'Prenom745', 'Lorem Ipsum', 'default.png', '84', 'Nom745.Prenom745@adressemail.com', 'f90d4f5a7a011c103ebad8c328423649d7f0734dc3cb51070c200e2e169b7e26'),
(746, 'Nom746', 'Prenom746', 'Lorem Ipsum', 'default.png', '70', 'Nom746.Prenom746@adressemail.com', 'f90d4f5a7a011c103ebad8c328423649d7f0734dc3cb51070c200e2e169b7e26'),
(747, 'Nom747', 'Prenom747', 'Lorem Ipsum', 'default.png', '56', 'Nom747.Prenom747@adressemail.com', 'f90d4f5a7a011c103ebad8c328423649d7f0734dc3cb51070c200e2e169b7e26'),
(748, 'Nom748', 'Prenom748', 'Lorem Ipsum', 'default.png', '41', 'Nom748.Prenom748@adressemail.com', 'f90d4f5a7a011c103ebad8c328423649d7f0734dc3cb51070c200e2e169b7e26'),
(749, 'Nom749', 'Prenom749', 'Lorem Ipsum', 'default.png', '17', 'Nom749.Prenom749@adressemail.com', 'f90d4f5a7a011c103ebad8c328423649d7f0734dc3cb51070c200e2e169b7e26'),
(750, 'Nom750', 'Prenom750', 'Lorem Ipsum', 'default.png', '47', 'Nom750.Prenom750@adressemail.com', 'f90d4f5a7a011c103ebad8c328423649d7f0734dc3cb51070c200e2e169b7e26'),
(751, 'Nom751', 'Prenom751', 'Lorem Ipsum', 'default.png', '64', 'Nom751.Prenom751@adressemail.com', 'f90d4f5a7a011c103ebad8c328423649d7f0734dc3cb51070c200e2e169b7e26'),
(752, 'Nom752', 'Prenom752', 'Lorem Ipsum', 'default.png', '13', 'Nom752.Prenom752@adressemail.com', 'f90d4f5a7a011c103ebad8c328423649d7f0734dc3cb51070c200e2e169b7e26'),
(753, 'Nom753', 'Prenom753', 'Lorem Ipsum', 'default.png', '18', 'Nom753.Prenom753@adressemail.com', 'f90d4f5a7a011c103ebad8c328423649d7f0734dc3cb51070c200e2e169b7e26'),
(754, 'Nom754', 'Prenom754', 'Lorem Ipsum', 'default.png', '19', 'Nom754.Prenom754@adressemail.com', 'f90d4f5a7a011c103ebad8c328423649d7f0734dc3cb51070c200e2e169b7e26'),
(755, 'Nom755', 'Prenom755', 'Lorem Ipsum', 'default.png', '53', 'Nom755.Prenom755@adressemail.com', 'f90d4f5a7a011c103ebad8c328423649d7f0734dc3cb51070c200e2e169b7e26'),
(756, 'Nom756', 'Prenom756', 'Lorem Ipsum', 'default.png', '29', 'Nom756.Prenom756@adressemail.com', 'f90d4f5a7a011c103ebad8c328423649d7f0734dc3cb51070c200e2e169b7e26'),
(757, 'Nom757', 'Prenom757', 'Lorem Ipsum', 'default.png', '46', 'Nom757.Prenom757@adressemail.com', 'f90d4f5a7a011c103ebad8c328423649d7f0734dc3cb51070c200e2e169b7e26'),
(758, 'Nom758', 'Prenom758', 'Lorem Ipsum', 'default.png', '22', 'Nom758.Prenom758@adressemail.com', 'f90d4f5a7a011c103ebad8c328423649d7f0734dc3cb51070c200e2e169b7e26'),
(759, 'Nom759', 'Prenom759', 'Lorem Ipsum', 'default.png', '36', 'Nom759.Prenom759@adressemail.com', 'f90d4f5a7a011c103ebad8c328423649d7f0734dc3cb51070c200e2e169b7e26'),
(760, 'Nom760', 'Prenom760', 'Lorem Ipsum', 'default.png', '58', 'Nom760.Prenom760@adressemail.com', 'f90d4f5a7a011c103ebad8c328423649d7f0734dc3cb51070c200e2e169b7e26'),
(761, 'Nom761', 'Prenom761', 'Lorem Ipsum', 'default.png', '44', 'Nom761.Prenom761@adressemail.com', 'f90d4f5a7a011c103ebad8c328423649d7f0734dc3cb51070c200e2e169b7e26'),
(762, 'Nom762', 'Prenom762', 'Lorem Ipsum', 'default.png', '72', 'Nom762.Prenom762@adressemail.com', 'f90d4f5a7a011c103ebad8c328423649d7f0734dc3cb51070c200e2e169b7e26'),
(763, 'Nom763', 'Prenom763', 'Lorem Ipsum', 'default.png', '16', 'Nom763.Prenom763@adressemail.com', 'f90d4f5a7a011c103ebad8c328423649d7f0734dc3cb51070c200e2e169b7e26'),
(764, 'Nom764', 'Prenom764', 'Lorem Ipsum', 'default.png', '41', 'Nom764.Prenom764@adressemail.com', 'f90d4f5a7a011c103ebad8c328423649d7f0734dc3cb51070c200e2e169b7e26'),
(765, 'Nom765', 'Prenom765', 'Lorem Ipsum', 'default.png', '51', 'Nom765.Prenom765@adressemail.com', 'f90d4f5a7a011c103ebad8c328423649d7f0734dc3cb51070c200e2e169b7e26'),
(766, 'Nom766', 'Prenom766', 'Lorem Ipsum', 'default.png', '12', 'Nom766.Prenom766@adressemail.com', 'f90d4f5a7a011c103ebad8c328423649d7f0734dc3cb51070c200e2e169b7e26'),
(767, 'Nom767', 'Prenom767', 'Lorem Ipsum', 'default.png', '51', 'Nom767.Prenom767@adressemail.com', 'f90d4f5a7a011c103ebad8c328423649d7f0734dc3cb51070c200e2e169b7e26'),
(768, 'Nom768', 'Prenom768', 'Lorem Ipsum', 'default.png', '71', 'Nom768.Prenom768@adressemail.com', 'f90d4f5a7a011c103ebad8c328423649d7f0734dc3cb51070c200e2e169b7e26'),
(769, 'Nom769', 'Prenom769', 'Lorem Ipsum', 'default.png', '49', 'Nom769.Prenom769@adressemail.com', 'f90d4f5a7a011c103ebad8c328423649d7f0734dc3cb51070c200e2e169b7e26'),
(770, 'Nom770', 'Prenom770', 'Lorem Ipsum', 'default.png', '19', 'Nom770.Prenom770@adressemail.com', 'f90d4f5a7a011c103ebad8c328423649d7f0734dc3cb51070c200e2e169b7e26'),
(771, 'Nom771', 'Prenom771', 'Lorem Ipsum', 'default.png', '13', 'Nom771.Prenom771@adressemail.com', 'f90d4f5a7a011c103ebad8c328423649d7f0734dc3cb51070c200e2e169b7e26'),
(772, 'Nom772', 'Prenom772', 'Lorem Ipsum', 'default.png', '76', 'Nom772.Prenom772@adressemail.com', 'f90d4f5a7a011c103ebad8c328423649d7f0734dc3cb51070c200e2e169b7e26'),
(773, 'Nom773', 'Prenom773', 'Lorem Ipsum', 'default.png', '78', 'Nom773.Prenom773@adressemail.com', 'f90d4f5a7a011c103ebad8c328423649d7f0734dc3cb51070c200e2e169b7e26'),
(774, 'Nom774', 'Prenom774', 'Lorem Ipsum', 'default.png', '82', 'Nom774.Prenom774@adressemail.com', 'f90d4f5a7a011c103ebad8c328423649d7f0734dc3cb51070c200e2e169b7e26'),
(775, 'Nom775', 'Prenom775', 'Lorem Ipsum', 'default.png', '54', 'Nom775.Prenom775@adressemail.com', 'f90d4f5a7a011c103ebad8c328423649d7f0734dc3cb51070c200e2e169b7e26'),
(776, 'Nom776', 'Prenom776', 'Lorem Ipsum', 'default.png', '28', 'Nom776.Prenom776@adressemail.com', 'f90d4f5a7a011c103ebad8c328423649d7f0734dc3cb51070c200e2e169b7e26'),
(777, 'Nom777', 'Prenom777', 'Lorem Ipsum', 'default.png', '76', 'Nom777.Prenom777@adressemail.com', 'f90d4f5a7a011c103ebad8c328423649d7f0734dc3cb51070c200e2e169b7e26'),
(778, 'Nom778', 'Prenom778', 'Lorem Ipsum', 'default.png', '3', 'Nom778.Prenom778@adressemail.com', 'f90d4f5a7a011c103ebad8c328423649d7f0734dc3cb51070c200e2e169b7e26'),
(779, 'Nom779', 'Prenom779', 'Lorem Ipsum', 'default.png', '42', 'Nom779.Prenom779@adressemail.com', 'f90d4f5a7a011c103ebad8c328423649d7f0734dc3cb51070c200e2e169b7e26'),
(780, 'Nom780', 'Prenom780', 'Lorem Ipsum', 'default.png', '90', 'Nom780.Prenom780@adressemail.com', 'f90d4f5a7a011c103ebad8c328423649d7f0734dc3cb51070c200e2e169b7e26'),
(781, 'Nom781', 'Prenom781', 'Lorem Ipsum', 'default.png', '51', 'Nom781.Prenom781@adressemail.com', 'f90d4f5a7a011c103ebad8c328423649d7f0734dc3cb51070c200e2e169b7e26'),
(782, 'Nom782', 'Prenom782', 'Lorem Ipsum', 'default.png', '25', 'Nom782.Prenom782@adressemail.com', 'f90d4f5a7a011c103ebad8c328423649d7f0734dc3cb51070c200e2e169b7e26'),
(783, 'Nom783', 'Prenom783', 'Lorem Ipsum', 'default.png', '21', 'Nom783.Prenom783@adressemail.com', 'f90d4f5a7a011c103ebad8c328423649d7f0734dc3cb51070c200e2e169b7e26'),
(784, 'Nom784', 'Prenom784', 'Lorem Ipsum', 'default.png', '17', 'Nom784.Prenom784@adressemail.com', 'f90d4f5a7a011c103ebad8c328423649d7f0734dc3cb51070c200e2e169b7e26'),
(785, 'Nom785', 'Prenom785', 'Lorem Ipsum', 'default.png', '86', 'Nom785.Prenom785@adressemail.com', 'f90d4f5a7a011c103ebad8c328423649d7f0734dc3cb51070c200e2e169b7e26'),
(786, 'Nom786', 'Prenom786', 'Lorem Ipsum', 'default.png', '68', 'Nom786.Prenom786@adressemail.com', 'f90d4f5a7a011c103ebad8c328423649d7f0734dc3cb51070c200e2e169b7e26'),
(787, 'Nom787', 'Prenom787', 'Lorem Ipsum', 'default.png', '92', 'Nom787.Prenom787@adressemail.com', 'f90d4f5a7a011c103ebad8c328423649d7f0734dc3cb51070c200e2e169b7e26'),
(788, 'Nom788', 'Prenom788', 'Lorem Ipsum', 'default.png', '59', 'Nom788.Prenom788@adressemail.com', 'f90d4f5a7a011c103ebad8c328423649d7f0734dc3cb51070c200e2e169b7e26'),
(789, 'Nom789', 'Prenom789', 'Lorem Ipsum', 'default.png', '39', 'Nom789.Prenom789@adressemail.com', 'f90d4f5a7a011c103ebad8c328423649d7f0734dc3cb51070c200e2e169b7e26'),
(790, 'Nom790', 'Prenom790', 'Lorem Ipsum', 'default.png', '56', 'Nom790.Prenom790@adressemail.com', 'f90d4f5a7a011c103ebad8c328423649d7f0734dc3cb51070c200e2e169b7e26'),
(791, 'Nom791', 'Prenom791', 'Lorem Ipsum', 'default.png', '32', 'Nom791.Prenom791@adressemail.com', 'f90d4f5a7a011c103ebad8c328423649d7f0734dc3cb51070c200e2e169b7e26'),
(792, 'Nom792', 'Prenom792', 'Lorem Ipsum', 'default.png', '49', 'Nom792.Prenom792@adressemail.com', 'f90d4f5a7a011c103ebad8c328423649d7f0734dc3cb51070c200e2e169b7e26'),
(793, 'Nom793', 'Prenom793', 'Lorem Ipsum', 'default.png', '74', 'Nom793.Prenom793@adressemail.com', 'f90d4f5a7a011c103ebad8c328423649d7f0734dc3cb51070c200e2e169b7e26'),
(794, 'Nom794', 'Prenom794', 'Lorem Ipsum', 'default.png', '44', 'Nom794.Prenom794@adressemail.com', 'f90d4f5a7a011c103ebad8c328423649d7f0734dc3cb51070c200e2e169b7e26'),
(795, 'Nom795', 'Prenom795', 'Lorem Ipsum', 'default.png', '41', 'Nom795.Prenom795@adressemail.com', 'f90d4f5a7a011c103ebad8c328423649d7f0734dc3cb51070c200e2e169b7e26'),
(796, 'Nom796', 'Prenom796', 'Lorem Ipsum', 'default.png', '90', 'Nom796.Prenom796@adressemail.com', 'f90d4f5a7a011c103ebad8c328423649d7f0734dc3cb51070c200e2e169b7e26'),
(797, 'Nom797', 'Prenom797', 'Lorem Ipsum', 'default.png', '80', 'Nom797.Prenom797@adressemail.com', 'f90d4f5a7a011c103ebad8c328423649d7f0734dc3cb51070c200e2e169b7e26'),
(798, 'Nom798', 'Prenom798', 'Lorem Ipsum', 'default.png', '68', 'Nom798.Prenom798@adressemail.com', 'f90d4f5a7a011c103ebad8c328423649d7f0734dc3cb51070c200e2e169b7e26'),
(799, 'Nom799', 'Prenom799', 'Lorem Ipsum', 'default.png', '40', 'Nom799.Prenom799@adressemail.com', 'f90d4f5a7a011c103ebad8c328423649d7f0734dc3cb51070c200e2e169b7e26'),
(800, 'Nom800', 'Prenom800', 'Lorem Ipsum', 'default.png', '41', 'Nom800.Prenom800@adressemail.com', 'f90d4f5a7a011c103ebad8c328423649d7f0734dc3cb51070c200e2e169b7e26'),
(801, 'Nom801', 'Prenom801', 'Lorem Ipsum', 'default.png', '89', 'Nom801.Prenom801@adressemail.com', 'f90d4f5a7a011c103ebad8c328423649d7f0734dc3cb51070c200e2e169b7e26'),
(802, 'Nom802', 'Prenom802', 'Lorem Ipsum', 'default.png', '29', 'Nom802.Prenom802@adressemail.com', 'f90d4f5a7a011c103ebad8c328423649d7f0734dc3cb51070c200e2e169b7e26'),
(803, 'Nom803', 'Prenom803', 'Lorem Ipsum', 'default.png', '67', 'Nom803.Prenom803@adressemail.com', 'f90d4f5a7a011c103ebad8c328423649d7f0734dc3cb51070c200e2e169b7e26'),
(804, 'Nom804', 'Prenom804', 'Lorem Ipsum', 'default.png', '69', 'Nom804.Prenom804@adressemail.com', 'f90d4f5a7a011c103ebad8c328423649d7f0734dc3cb51070c200e2e169b7e26'),
(805, 'Nom805', 'Prenom805', 'Lorem Ipsum', 'default.png', '62', 'Nom805.Prenom805@adressemail.com', 'f90d4f5a7a011c103ebad8c328423649d7f0734dc3cb51070c200e2e169b7e26'),
(807, 'Nom807', 'Prenom807', 'Lorem Ipsum', 'default.png', '25', 'Nom807.Prenom807@adressemail.com', 'f90d4f5a7a011c103ebad8c328423649d7f0734dc3cb51070c200e2e169b7e26'),
(808, 'Nom808', 'Prenom808', 'Lorem Ipsum', 'default.png', '75', 'Nom808.Prenom808@adressemail.com', 'f90d4f5a7a011c103ebad8c328423649d7f0734dc3cb51070c200e2e169b7e26'),
(809, 'Nom809', 'Prenom809', 'Lorem Ipsum', 'default.png', '30', 'Nom809.Prenom809@adressemail.com', 'f90d4f5a7a011c103ebad8c328423649d7f0734dc3cb51070c200e2e169b7e26'),
(810, 'Nom810', 'Prenom810', 'Lorem Ipsum', 'default.png', '59', 'Nom810.Prenom810@adressemail.com', 'f90d4f5a7a011c103ebad8c328423649d7f0734dc3cb51070c200e2e169b7e26'),
(811, 'Nom811', 'Prenom811', 'Lorem Ipsum', 'default.png', '29', 'Nom811.Prenom811@adressemail.com', 'f90d4f5a7a011c103ebad8c328423649d7f0734dc3cb51070c200e2e169b7e26'),
(812, 'Nom812', 'Prenom812', 'Lorem Ipsum', 'default.png', '19', 'Nom812.Prenom812@adressemail.com', 'f90d4f5a7a011c103ebad8c328423649d7f0734dc3cb51070c200e2e169b7e26'),
(813, 'Nom813', 'Prenom813', 'Lorem Ipsum', 'default.png', '6', 'Nom813.Prenom813@adressemail.com', 'f90d4f5a7a011c103ebad8c328423649d7f0734dc3cb51070c200e2e169b7e26'),
(814, 'Nom814', 'Prenom814', 'Lorem Ipsum', 'default.png', '59', 'Nom814.Prenom814@adressemail.com', 'f90d4f5a7a011c103ebad8c328423649d7f0734dc3cb51070c200e2e169b7e26'),
(815, 'Nom815', 'Prenom815', 'Lorem Ipsum', 'default.png', '39', 'Nom815.Prenom815@adressemail.com', 'f90d4f5a7a011c103ebad8c328423649d7f0734dc3cb51070c200e2e169b7e26'),
(816, 'Nom816', 'Prenom816', 'Lorem Ipsum', 'default.png', '48', 'Nom816.Prenom816@adressemail.com', 'f90d4f5a7a011c103ebad8c328423649d7f0734dc3cb51070c200e2e169b7e26'),
(817, 'Nom817', 'Prenom817', 'Lorem Ipsum', 'default.png', '77', 'Nom817.Prenom817@adressemail.com', 'f90d4f5a7a011c103ebad8c328423649d7f0734dc3cb51070c200e2e169b7e26'),
(818, 'Nom818', 'Prenom818', 'Lorem Ipsum', 'default.png', '9', 'Nom818.Prenom818@adressemail.com', 'f90d4f5a7a011c103ebad8c328423649d7f0734dc3cb51070c200e2e169b7e26'),
(819, 'Nom819', 'Prenom819', 'Lorem Ipsum', 'default.png', '41', 'Nom819.Prenom819@adressemail.com', 'f90d4f5a7a011c103ebad8c328423649d7f0734dc3cb51070c200e2e169b7e26'),
(820, 'Nom820', 'Prenom820', 'Lorem Ipsum', 'default.png', '28', 'Nom820.Prenom820@adressemail.com', 'f90d4f5a7a011c103ebad8c328423649d7f0734dc3cb51070c200e2e169b7e26'),
(821, 'Nom821', 'Prenom821', 'Lorem Ipsum', 'default.png', '26', 'Nom821.Prenom821@adressemail.com', 'f90d4f5a7a011c103ebad8c328423649d7f0734dc3cb51070c200e2e169b7e26'),
(822, 'Nom822', 'Prenom822', 'Lorem Ipsum', 'default.png', '87', 'Nom822.Prenom822@adressemail.com', 'f90d4f5a7a011c103ebad8c328423649d7f0734dc3cb51070c200e2e169b7e26'),
(823, 'Nom823', 'Prenom823', 'Lorem Ipsum', 'default.png', '43', 'Nom823.Prenom823@adressemail.com', 'f90d4f5a7a011c103ebad8c328423649d7f0734dc3cb51070c200e2e169b7e26'),
(824, 'Nom824', 'Prenom824', 'Lorem Ipsum', 'default.png', '83', 'Nom824.Prenom824@adressemail.com', 'f90d4f5a7a011c103ebad8c328423649d7f0734dc3cb51070c200e2e169b7e26'),
(825, 'Nom825', 'Prenom825', 'Lorem Ipsum', 'default.png', '61', 'Nom825.Prenom825@adressemail.com', 'f90d4f5a7a011c103ebad8c328423649d7f0734dc3cb51070c200e2e169b7e26'),
(826, 'Nom826', 'Prenom826', 'Lorem Ipsum', 'default.png', '45', 'Nom826.Prenom826@adressemail.com', 'f90d4f5a7a011c103ebad8c328423649d7f0734dc3cb51070c200e2e169b7e26'),
(827, 'Nom827', 'Prenom827', 'Lorem Ipsum', 'default.png', '29', 'Nom827.Prenom827@adressemail.com', 'f90d4f5a7a011c103ebad8c328423649d7f0734dc3cb51070c200e2e169b7e26'),
(828, 'Nom828', 'Prenom828', 'Lorem Ipsum', 'default.png', '60', 'Nom828.Prenom828@adressemail.com', 'f90d4f5a7a011c103ebad8c328423649d7f0734dc3cb51070c200e2e169b7e26'),
(829, 'Nom829', 'Prenom829', 'Lorem Ipsum', 'default.png', '30', 'Nom829.Prenom829@adressemail.com', 'f90d4f5a7a011c103ebad8c328423649d7f0734dc3cb51070c200e2e169b7e26'),
(830, 'Nom830', 'Prenom830', 'Lorem Ipsum', 'default.png', '37', 'Nom830.Prenom830@adressemail.com', 'f90d4f5a7a011c103ebad8c328423649d7f0734dc3cb51070c200e2e169b7e26'),
(831, 'Nom831', 'Prenom831', 'Lorem Ipsum', 'default.png', '22', 'Nom831.Prenom831@adressemail.com', 'f90d4f5a7a011c103ebad8c328423649d7f0734dc3cb51070c200e2e169b7e26'),
(832, 'Nom832', 'Prenom832', 'Lorem Ipsum', 'default.png', '62', 'Nom832.Prenom832@adressemail.com', 'f90d4f5a7a011c103ebad8c328423649d7f0734dc3cb51070c200e2e169b7e26'),
(833, 'Nom833', 'Prenom833', 'Lorem Ipsum', 'default.png', '7', 'Nom833.Prenom833@adressemail.com', 'f90d4f5a7a011c103ebad8c328423649d7f0734dc3cb51070c200e2e169b7e26'),
(834, 'Nom834', 'Prenom834', 'Lorem Ipsum', 'default.png', '79', 'Nom834.Prenom834@adressemail.com', 'f90d4f5a7a011c103ebad8c328423649d7f0734dc3cb51070c200e2e169b7e26'),
(835, 'Nom835', 'Prenom835', 'Lorem Ipsum', 'default.png', '77', 'Nom835.Prenom835@adressemail.com', 'f90d4f5a7a011c103ebad8c328423649d7f0734dc3cb51070c200e2e169b7e26'),
(836, 'Nom836', 'Prenom836', 'Lorem Ipsum', 'default.png', '90', 'Nom836.Prenom836@adressemail.com', 'f90d4f5a7a011c103ebad8c328423649d7f0734dc3cb51070c200e2e169b7e26'),
(837, 'Nom837', 'Prenom837', 'Lorem Ipsum', 'default.png', '92', 'Nom837.Prenom837@adressemail.com', 'f90d4f5a7a011c103ebad8c328423649d7f0734dc3cb51070c200e2e169b7e26'),
(838, 'Nom838', 'Prenom838', 'Lorem Ipsum', 'default.png', '49', 'Nom838.Prenom838@adressemail.com', 'f90d4f5a7a011c103ebad8c328423649d7f0734dc3cb51070c200e2e169b7e26'),
(839, 'Nom839', 'Prenom839', 'Lorem Ipsum', 'default.png', '7', 'Nom839.Prenom839@adressemail.com', 'f90d4f5a7a011c103ebad8c328423649d7f0734dc3cb51070c200e2e169b7e26'),
(840, 'Nom840', 'Prenom840', 'Lorem Ipsum', 'default.png', '14', 'Nom840.Prenom840@adressemail.com', 'f90d4f5a7a011c103ebad8c328423649d7f0734dc3cb51070c200e2e169b7e26'),
(841, 'Nom841', 'Prenom841', 'Lorem Ipsum', 'default.png', '84', 'Nom841.Prenom841@adressemail.com', 'f90d4f5a7a011c103ebad8c328423649d7f0734dc3cb51070c200e2e169b7e26'),
(842, 'Nom842', 'Prenom842', 'Lorem Ipsum', 'default.png', '76', 'Nom842.Prenom842@adressemail.com', 'f90d4f5a7a011c103ebad8c328423649d7f0734dc3cb51070c200e2e169b7e26'),
(843, 'Nom843', 'Prenom843', 'Lorem Ipsum', 'default.png', '66', 'Nom843.Prenom843@adressemail.com', 'f90d4f5a7a011c103ebad8c328423649d7f0734dc3cb51070c200e2e169b7e26'),
(844, 'Nom844', 'Prenom844', 'Lorem Ipsum', 'default.png', '46', 'Nom844.Prenom844@adressemail.com', 'f90d4f5a7a011c103ebad8c328423649d7f0734dc3cb51070c200e2e169b7e26'),
(845, 'Nom845', 'Prenom845', 'Lorem Ipsum', 'default.png', '29', 'Nom845.Prenom845@adressemail.com', 'f90d4f5a7a011c103ebad8c328423649d7f0734dc3cb51070c200e2e169b7e26'),
(846, 'Nom846', 'Prenom846', 'Lorem Ipsum', 'default.png', '87', 'Nom846.Prenom846@adressemail.com', 'f90d4f5a7a011c103ebad8c328423649d7f0734dc3cb51070c200e2e169b7e26'),
(847, 'Nom847', 'Prenom847', 'Lorem Ipsum', 'default.png', '67', 'Nom847.Prenom847@adressemail.com', 'f90d4f5a7a011c103ebad8c328423649d7f0734dc3cb51070c200e2e169b7e26'),
(848, 'Nom848', 'Prenom848', 'Lorem Ipsum', 'default.png', '75', 'Nom848.Prenom848@adressemail.com', 'f90d4f5a7a011c103ebad8c328423649d7f0734dc3cb51070c200e2e169b7e26'),
(849, 'Nom849', 'Prenom849', 'Lorem Ipsum', 'default.png', '82', 'Nom849.Prenom849@adressemail.com', 'f90d4f5a7a011c103ebad8c328423649d7f0734dc3cb51070c200e2e169b7e26'),
(850, 'Nom850', 'Prenom850', 'Lorem Ipsum', 'default.png', '91', 'Nom850.Prenom850@adressemail.com', 'f90d4f5a7a011c103ebad8c328423649d7f0734dc3cb51070c200e2e169b7e26'),
(851, 'Nom851', 'Prenom851', 'Lorem Ipsum', 'default.png', '73', 'Nom851.Prenom851@adressemail.com', 'f90d4f5a7a011c103ebad8c328423649d7f0734dc3cb51070c200e2e169b7e26'),
(852, 'Nom852', 'Prenom852', 'Lorem Ipsum', 'default.png', '44', 'Nom852.Prenom852@adressemail.com', 'f90d4f5a7a011c103ebad8c328423649d7f0734dc3cb51070c200e2e169b7e26'),
(853, 'Nom853', 'Prenom853', 'Lorem Ipsum', 'default.png', '28', 'Nom853.Prenom853@adressemail.com', 'f90d4f5a7a011c103ebad8c328423649d7f0734dc3cb51070c200e2e169b7e26'),
(854, 'Nom854', 'Prenom854', 'Lorem Ipsum', 'default.png', '65', 'Nom854.Prenom854@adressemail.com', 'f90d4f5a7a011c103ebad8c328423649d7f0734dc3cb51070c200e2e169b7e26'),
(855, 'Nom855', 'Prenom855', 'Lorem Ipsum', 'default.png', '3', 'Nom855.Prenom855@adressemail.com', 'f90d4f5a7a011c103ebad8c328423649d7f0734dc3cb51070c200e2e169b7e26'),
(856, 'Nom856', 'Prenom856', 'Lorem Ipsum', 'default.png', '15', 'Nom856.Prenom856@adressemail.com', 'f90d4f5a7a011c103ebad8c328423649d7f0734dc3cb51070c200e2e169b7e26'),
(857, 'Nom857', 'Prenom857', 'Lorem Ipsum', 'default.png', '22', 'Nom857.Prenom857@adressemail.com', 'f90d4f5a7a011c103ebad8c328423649d7f0734dc3cb51070c200e2e169b7e26'),
(858, 'Nom858', 'Prenom858', 'Lorem Ipsum', 'default.png', '84', 'Nom858.Prenom858@adressemail.com', 'f90d4f5a7a011c103ebad8c328423649d7f0734dc3cb51070c200e2e169b7e26'),
(859, 'Nom859', 'Prenom859', 'Lorem Ipsum', 'default.png', '88', 'Nom859.Prenom859@adressemail.com', 'f90d4f5a7a011c103ebad8c328423649d7f0734dc3cb51070c200e2e169b7e26'),
(860, 'Nom860', 'Prenom860', 'Lorem Ipsum', 'default.png', '67', 'Nom860.Prenom860@adressemail.com', 'f90d4f5a7a011c103ebad8c328423649d7f0734dc3cb51070c200e2e169b7e26'),
(861, 'Nom861', 'Prenom861', 'Lorem Ipsum', 'default.png', '16', 'Nom861.Prenom861@adressemail.com', 'f90d4f5a7a011c103ebad8c328423649d7f0734dc3cb51070c200e2e169b7e26'),
(862, 'Nom862', 'Prenom862', 'Lorem Ipsum', 'default.png', '51', 'Nom862.Prenom862@adressemail.com', 'f90d4f5a7a011c103ebad8c328423649d7f0734dc3cb51070c200e2e169b7e26'),
(863, 'Nom863', 'Prenom863', 'Lorem Ipsum', 'default.png', '1', 'Nom863.Prenom863@adressemail.com', 'f90d4f5a7a011c103ebad8c328423649d7f0734dc3cb51070c200e2e169b7e26'),
(864, 'Nom864', 'Prenom864', 'Lorem Ipsum', 'default.png', '33', 'Nom864.Prenom864@adressemail.com', 'f90d4f5a7a011c103ebad8c328423649d7f0734dc3cb51070c200e2e169b7e26'),
(865, 'Nom865', 'Prenom865', 'Lorem Ipsum', 'default.png', '45', 'Nom865.Prenom865@adressemail.com', 'f90d4f5a7a011c103ebad8c328423649d7f0734dc3cb51070c200e2e169b7e26'),
(866, 'Nom866', 'Prenom866', 'Lorem Ipsum', 'default.png', '83', 'Nom866.Prenom866@adressemail.com', 'f90d4f5a7a011c103ebad8c328423649d7f0734dc3cb51070c200e2e169b7e26'),
(867, 'Nom867', 'Prenom867', 'Lorem Ipsum', 'default.png', '1', 'Nom867.Prenom867@adressemail.com', 'f90d4f5a7a011c103ebad8c328423649d7f0734dc3cb51070c200e2e169b7e26'),
(868, 'Nom868', 'Prenom868', 'Lorem Ipsum', 'default.png', '85', 'Nom868.Prenom868@adressemail.com', 'f90d4f5a7a011c103ebad8c328423649d7f0734dc3cb51070c200e2e169b7e26'),
(869, 'Nom869', 'Prenom869', 'Lorem Ipsum', 'default.png', '85', 'Nom869.Prenom869@adressemail.com', 'f90d4f5a7a011c103ebad8c328423649d7f0734dc3cb51070c200e2e169b7e26'),
(870, 'Nom870', 'Prenom870', 'Lorem Ipsum', 'default.png', '39', 'Nom870.Prenom870@adressemail.com', 'f90d4f5a7a011c103ebad8c328423649d7f0734dc3cb51070c200e2e169b7e26'),
(871, 'Nom871', 'Prenom871', 'Lorem Ipsum', 'default.png', '15', 'Nom871.Prenom871@adressemail.com', 'f90d4f5a7a011c103ebad8c328423649d7f0734dc3cb51070c200e2e169b7e26'),
(872, 'Nom872', 'Prenom872', 'Lorem Ipsum', 'default.png', '21', 'Nom872.Prenom872@adressemail.com', 'f90d4f5a7a011c103ebad8c328423649d7f0734dc3cb51070c200e2e169b7e26'),
(873, 'Nom873', 'Prenom873', 'Lorem Ipsum', 'default.png', '61', 'Nom873.Prenom873@adressemail.com', 'f90d4f5a7a011c103ebad8c328423649d7f0734dc3cb51070c200e2e169b7e26'),
(874, 'Nom874', 'Prenom874', 'Lorem Ipsum', 'default.png', '58', 'Nom874.Prenom874@adressemail.com', 'f90d4f5a7a011c103ebad8c328423649d7f0734dc3cb51070c200e2e169b7e26'),
(875, 'Nom875', 'Prenom875', 'Lorem Ipsum', 'default.png', '30', 'Nom875.Prenom875@adressemail.com', 'f90d4f5a7a011c103ebad8c328423649d7f0734dc3cb51070c200e2e169b7e26'),
(876, 'Nom876', 'Prenom876', 'Lorem Ipsum', 'default.png', '89', 'Nom876.Prenom876@adressemail.com', 'f90d4f5a7a011c103ebad8c328423649d7f0734dc3cb51070c200e2e169b7e26'),
(877, 'Nom877', 'Prenom877', 'Lorem Ipsum', 'default.png', '66', 'Nom877.Prenom877@adressemail.com', 'f90d4f5a7a011c103ebad8c328423649d7f0734dc3cb51070c200e2e169b7e26'),
(878, 'Nom878', 'Prenom878', 'Lorem Ipsum', 'default.png', '94', 'Nom878.Prenom878@adressemail.com', 'f90d4f5a7a011c103ebad8c328423649d7f0734dc3cb51070c200e2e169b7e26'),
(879, 'Nom879', 'Prenom879', 'Lorem Ipsum', 'default.png', '46', 'Nom879.Prenom879@adressemail.com', 'f90d4f5a7a011c103ebad8c328423649d7f0734dc3cb51070c200e2e169b7e26'),
(880, 'Nom880', 'Prenom880', 'Lorem Ipsum', 'default.png', '55', 'Nom880.Prenom880@adressemail.com', 'f90d4f5a7a011c103ebad8c328423649d7f0734dc3cb51070c200e2e169b7e26'),
(881, 'Nom881', 'Prenom881', 'Lorem Ipsum', 'default.png', '66', 'Nom881.Prenom881@adressemail.com', 'f90d4f5a7a011c103ebad8c328423649d7f0734dc3cb51070c200e2e169b7e26'),
(882, 'Nom882', 'Prenom882', 'Lorem Ipsum', 'default.png', '49', 'Nom882.Prenom882@adressemail.com', 'f90d4f5a7a011c103ebad8c328423649d7f0734dc3cb51070c200e2e169b7e26'),
(883, 'Nom883', 'Prenom883', 'Lorem Ipsum', 'default.png', '65', 'Nom883.Prenom883@adressemail.com', 'f90d4f5a7a011c103ebad8c328423649d7f0734dc3cb51070c200e2e169b7e26'),
(884, 'Nom884', 'Prenom884', 'Lorem Ipsum', 'default.png', '46', 'Nom884.Prenom884@adressemail.com', 'f90d4f5a7a011c103ebad8c328423649d7f0734dc3cb51070c200e2e169b7e26'),
(885, 'Nom885', 'Prenom885', 'Lorem Ipsum', 'default.png', '3', 'Nom885.Prenom885@adressemail.com', 'f90d4f5a7a011c103ebad8c328423649d7f0734dc3cb51070c200e2e169b7e26'),
(886, 'Nom886', 'Prenom886', 'Lorem Ipsum', 'default.png', '60', 'Nom886.Prenom886@adressemail.com', 'f90d4f5a7a011c103ebad8c328423649d7f0734dc3cb51070c200e2e169b7e26'),
(887, 'Nom887', 'Prenom887', 'Lorem Ipsum', 'default.png', '95', 'Nom887.Prenom887@adressemail.com', 'f90d4f5a7a011c103ebad8c328423649d7f0734dc3cb51070c200e2e169b7e26'),
(888, 'Nom888', 'Prenom888', 'Lorem Ipsum', 'default.png', '10', 'Nom888.Prenom888@adressemail.com', 'f90d4f5a7a011c103ebad8c328423649d7f0734dc3cb51070c200e2e169b7e26'),
(889, 'Nom889', 'Prenom889', 'Lorem Ipsum', 'default.png', '24', 'Nom889.Prenom889@adressemail.com', 'f90d4f5a7a011c103ebad8c328423649d7f0734dc3cb51070c200e2e169b7e26'),
(890, 'Nom890', 'Prenom890', 'Lorem Ipsum', 'default.png', '58', 'Nom890.Prenom890@adressemail.com', 'f90d4f5a7a011c103ebad8c328423649d7f0734dc3cb51070c200e2e169b7e26'),
(891, 'Nom891', 'Prenom891', 'Lorem Ipsum', 'default.png', '65', 'Nom891.Prenom891@adressemail.com', 'f90d4f5a7a011c103ebad8c328423649d7f0734dc3cb51070c200e2e169b7e26'),
(892, 'Nom892', 'Prenom892', 'Lorem Ipsum', 'default.png', '52', 'Nom892.Prenom892@adressemail.com', 'f90d4f5a7a011c103ebad8c328423649d7f0734dc3cb51070c200e2e169b7e26'),
(893, 'Nom893', 'Prenom893', 'Lorem Ipsum', 'default.png', '8', 'Nom893.Prenom893@adressemail.com', 'f90d4f5a7a011c103ebad8c328423649d7f0734dc3cb51070c200e2e169b7e26'),
(894, 'Nom894', 'Prenom894', 'Lorem Ipsum', 'default.png', '37', 'Nom894.Prenom894@adressemail.com', 'f90d4f5a7a011c103ebad8c328423649d7f0734dc3cb51070c200e2e169b7e26'),
(895, 'Nom895', 'Prenom895', 'Lorem Ipsum', 'default.png', '50', 'Nom895.Prenom895@adressemail.com', 'f90d4f5a7a011c103ebad8c328423649d7f0734dc3cb51070c200e2e169b7e26'),
(896, 'Nom896', 'Prenom896', 'Lorem Ipsum', 'default.png', '41', 'Nom896.Prenom896@adressemail.com', 'f90d4f5a7a011c103ebad8c328423649d7f0734dc3cb51070c200e2e169b7e26'),
(897, 'Nom897', 'Prenom897', 'Lorem Ipsum', 'default.png', '37', 'Nom897.Prenom897@adressemail.com', 'f90d4f5a7a011c103ebad8c328423649d7f0734dc3cb51070c200e2e169b7e26'),
(898, 'Nom898', 'Prenom898', 'Lorem Ipsum', 'default.png', '56', 'Nom898.Prenom898@adressemail.com', 'f90d4f5a7a011c103ebad8c328423649d7f0734dc3cb51070c200e2e169b7e26');
INSERT INTO `personne` (`id_personne`, `nom`, `prenom`, `Description`, `photo`, `id_departement`, `mail`, `mdpHash`) VALUES
(899, 'Nom899', 'Prenom899', 'Lorem Ipsum', 'default.png', '65', 'Nom899.Prenom899@adressemail.com', 'f90d4f5a7a011c103ebad8c328423649d7f0734dc3cb51070c200e2e169b7e26'),
(900, 'Nom900', 'Prenom900', 'Lorem Ipsum', 'default.png', '6', 'Nom900.Prenom900@adressemail.com', 'f90d4f5a7a011c103ebad8c328423649d7f0734dc3cb51070c200e2e169b7e26'),
(901, 'Nom901', 'Prenom901', 'Lorem Ipsum', 'default.png', '65', 'Nom901.Prenom901@adressemail.com', 'f90d4f5a7a011c103ebad8c328423649d7f0734dc3cb51070c200e2e169b7e26'),
(902, 'Nom902', 'Prenom902', 'Lorem Ipsum', 'default.png', '41', 'Nom902.Prenom902@adressemail.com', 'f90d4f5a7a011c103ebad8c328423649d7f0734dc3cb51070c200e2e169b7e26'),
(903, 'Nom903', 'Prenom903', 'Lorem Ipsum', 'default.png', '21', 'Nom903.Prenom903@adressemail.com', 'f90d4f5a7a011c103ebad8c328423649d7f0734dc3cb51070c200e2e169b7e26'),
(904, 'Nom904', 'Prenom904', 'Lorem Ipsum', 'default.png', '38', 'Nom904.Prenom904@adressemail.com', 'f90d4f5a7a011c103ebad8c328423649d7f0734dc3cb51070c200e2e169b7e26'),
(905, 'Nom905', 'Prenom905', 'Lorem Ipsum', 'default.png', '11', 'Nom905.Prenom905@adressemail.com', 'f90d4f5a7a011c103ebad8c328423649d7f0734dc3cb51070c200e2e169b7e26'),
(906, 'Nom906', 'Prenom906', 'Lorem Ipsum', 'default.png', '9', 'Nom906.Prenom906@adressemail.com', 'f90d4f5a7a011c103ebad8c328423649d7f0734dc3cb51070c200e2e169b7e26'),
(907, 'Nom907', 'Prenom907', 'Lorem Ipsum', 'default.png', '57', 'Nom907.Prenom907@adressemail.com', 'f90d4f5a7a011c103ebad8c328423649d7f0734dc3cb51070c200e2e169b7e26'),
(908, 'Nom908', 'Prenom908', 'Lorem Ipsum', 'default.png', '63', 'Nom908.Prenom908@adressemail.com', 'f90d4f5a7a011c103ebad8c328423649d7f0734dc3cb51070c200e2e169b7e26'),
(909, 'Nom909', 'Prenom909', 'Lorem Ipsum', 'default.png', '10', 'Nom909.Prenom909@adressemail.com', 'f90d4f5a7a011c103ebad8c328423649d7f0734dc3cb51070c200e2e169b7e26'),
(910, 'Nom910', 'Prenom910', 'Lorem Ipsum', 'default.png', '69', 'Nom910.Prenom910@adressemail.com', 'f90d4f5a7a011c103ebad8c328423649d7f0734dc3cb51070c200e2e169b7e26'),
(911, 'Nom911', 'Prenom911', 'Lorem Ipsum', 'default.png', '63', 'Nom911.Prenom911@adressemail.com', 'f90d4f5a7a011c103ebad8c328423649d7f0734dc3cb51070c200e2e169b7e26'),
(912, 'Nom912', 'Prenom912', 'Lorem Ipsum', 'default.png', '27', 'Nom912.Prenom912@adressemail.com', 'f90d4f5a7a011c103ebad8c328423649d7f0734dc3cb51070c200e2e169b7e26'),
(913, 'Nom913', 'Prenom913', 'Lorem Ipsum', 'default.png', '8', 'Nom913.Prenom913@adressemail.com', 'f90d4f5a7a011c103ebad8c328423649d7f0734dc3cb51070c200e2e169b7e26'),
(914, 'Nom914', 'Prenom914', 'Lorem Ipsum', 'default.png', '42', 'Nom914.Prenom914@adressemail.com', 'f90d4f5a7a011c103ebad8c328423649d7f0734dc3cb51070c200e2e169b7e26'),
(915, 'Nom915', 'Prenom915', 'Lorem Ipsum', 'default.png', '93', 'Nom915.Prenom915@adressemail.com', 'f90d4f5a7a011c103ebad8c328423649d7f0734dc3cb51070c200e2e169b7e26'),
(916, 'Nom916', 'Prenom916', 'Lorem Ipsum', 'default.png', '58', 'Nom916.Prenom916@adressemail.com', 'f90d4f5a7a011c103ebad8c328423649d7f0734dc3cb51070c200e2e169b7e26'),
(917, 'Nom917', 'Prenom917', 'Lorem Ipsum', 'default.png', '36', 'Nom917.Prenom917@adressemail.com', 'f90d4f5a7a011c103ebad8c328423649d7f0734dc3cb51070c200e2e169b7e26'),
(918, 'Nom918', 'Prenom918', 'Lorem Ipsum', 'default.png', '82', 'Nom918.Prenom918@adressemail.com', 'f90d4f5a7a011c103ebad8c328423649d7f0734dc3cb51070c200e2e169b7e26'),
(919, 'Nom919', 'Prenom919', 'Lorem Ipsum', 'default.png', '94', 'Nom919.Prenom919@adressemail.com', 'f90d4f5a7a011c103ebad8c328423649d7f0734dc3cb51070c200e2e169b7e26'),
(920, 'Nom920', 'Prenom920', 'Lorem Ipsum', 'default.png', '7', 'Nom920.Prenom920@adressemail.com', 'f90d4f5a7a011c103ebad8c328423649d7f0734dc3cb51070c200e2e169b7e26'),
(921, 'Nom921', 'Prenom921', 'Lorem Ipsum', 'default.png', '30', 'Nom921.Prenom921@adressemail.com', 'f90d4f5a7a011c103ebad8c328423649d7f0734dc3cb51070c200e2e169b7e26'),
(922, 'Nom922', 'Prenom922', 'Lorem Ipsum', 'default.png', '71', 'Nom922.Prenom922@adressemail.com', 'f90d4f5a7a011c103ebad8c328423649d7f0734dc3cb51070c200e2e169b7e26'),
(923, 'Nom923', 'Prenom923', 'Lorem Ipsum', 'default.png', '87', 'Nom923.Prenom923@adressemail.com', 'f90d4f5a7a011c103ebad8c328423649d7f0734dc3cb51070c200e2e169b7e26'),
(924, 'Nom924', 'Prenom924', 'Lorem Ipsum', 'default.png', '64', 'Nom924.Prenom924@adressemail.com', 'f90d4f5a7a011c103ebad8c328423649d7f0734dc3cb51070c200e2e169b7e26'),
(925, 'Nom925', 'Prenom925', 'Lorem Ipsum', 'default.png', '76', 'Nom925.Prenom925@adressemail.com', 'f90d4f5a7a011c103ebad8c328423649d7f0734dc3cb51070c200e2e169b7e26'),
(926, 'Nom926', 'Prenom926', 'Lorem Ipsum', 'default.png', '33', 'Nom926.Prenom926@adressemail.com', 'f90d4f5a7a011c103ebad8c328423649d7f0734dc3cb51070c200e2e169b7e26'),
(927, 'Nom927', 'Prenom927', 'Lorem Ipsum', 'default.png', '10', 'Nom927.Prenom927@adressemail.com', 'f90d4f5a7a011c103ebad8c328423649d7f0734dc3cb51070c200e2e169b7e26'),
(928, 'Nom928', 'Prenom928', 'Lorem Ipsum', 'default.png', '33', 'Nom928.Prenom928@adressemail.com', 'f90d4f5a7a011c103ebad8c328423649d7f0734dc3cb51070c200e2e169b7e26'),
(929, 'Nom929', 'Prenom929', 'Lorem Ipsum', 'default.png', '18', 'Nom929.Prenom929@adressemail.com', 'f90d4f5a7a011c103ebad8c328423649d7f0734dc3cb51070c200e2e169b7e26'),
(930, 'Nom930', 'Prenom930', 'Lorem Ipsum', 'default.png', '71', 'Nom930.Prenom930@adressemail.com', 'f90d4f5a7a011c103ebad8c328423649d7f0734dc3cb51070c200e2e169b7e26'),
(931, 'Nom931', 'Prenom931', 'Lorem Ipsum', 'default.png', '60', 'Nom931.Prenom931@adressemail.com', 'f90d4f5a7a011c103ebad8c328423649d7f0734dc3cb51070c200e2e169b7e26'),
(932, 'Nom932', 'Prenom932', 'Lorem Ipsum', 'default.png', '54', 'Nom932.Prenom932@adressemail.com', 'f90d4f5a7a011c103ebad8c328423649d7f0734dc3cb51070c200e2e169b7e26'),
(933, 'Nom933', 'Prenom933', 'Lorem Ipsum', 'default.png', '32', 'Nom933.Prenom933@adressemail.com', 'f90d4f5a7a011c103ebad8c328423649d7f0734dc3cb51070c200e2e169b7e26'),
(934, 'Nom934', 'Prenom934', 'Lorem Ipsum', 'default.png', '16', 'Nom934.Prenom934@adressemail.com', 'f90d4f5a7a011c103ebad8c328423649d7f0734dc3cb51070c200e2e169b7e26'),
(935, 'Nom935', 'Prenom935', 'Lorem Ipsum', 'default.png', '48', 'Nom935.Prenom935@adressemail.com', 'f90d4f5a7a011c103ebad8c328423649d7f0734dc3cb51070c200e2e169b7e26'),
(936, 'Nom936', 'Prenom936', 'Lorem Ipsum', 'default.png', '61', 'Nom936.Prenom936@adressemail.com', 'f90d4f5a7a011c103ebad8c328423649d7f0734dc3cb51070c200e2e169b7e26'),
(937, 'Nom937', 'Prenom937', 'Lorem Ipsum', 'default.png', '12', 'Nom937.Prenom937@adressemail.com', 'f90d4f5a7a011c103ebad8c328423649d7f0734dc3cb51070c200e2e169b7e26'),
(938, 'Nom938', 'Prenom938', 'Lorem Ipsum', 'default.png', '73', 'Nom938.Prenom938@adressemail.com', 'f90d4f5a7a011c103ebad8c328423649d7f0734dc3cb51070c200e2e169b7e26'),
(939, 'Nom939', 'Prenom939', 'Lorem Ipsum', 'default.png', '73', 'Nom939.Prenom939@adressemail.com', 'f90d4f5a7a011c103ebad8c328423649d7f0734dc3cb51070c200e2e169b7e26'),
(941, 'Nom941', 'Prenom941', 'Lorem Ipsum', 'default.png', '58', 'Nom941.Prenom941@adressemail.com', 'f90d4f5a7a011c103ebad8c328423649d7f0734dc3cb51070c200e2e169b7e26'),
(942, 'Nom942', 'Prenom942', 'Lorem Ipsum', 'default.png', '7', 'Nom942.Prenom942@adressemail.com', 'f90d4f5a7a011c103ebad8c328423649d7f0734dc3cb51070c200e2e169b7e26'),
(943, 'Nom943', 'Prenom943', 'Lorem Ipsum', 'default.png', '47', 'Nom943.Prenom943@adressemail.com', 'f90d4f5a7a011c103ebad8c328423649d7f0734dc3cb51070c200e2e169b7e26'),
(944, 'Nom944', 'Prenom944', 'Lorem Ipsum', 'default.png', '3', 'Nom944.Prenom944@adressemail.com', 'f90d4f5a7a011c103ebad8c328423649d7f0734dc3cb51070c200e2e169b7e26'),
(945, 'Nom945', 'Prenom945', 'Lorem Ipsum', 'default.png', '49', 'Nom945.Prenom945@adressemail.com', 'f90d4f5a7a011c103ebad8c328423649d7f0734dc3cb51070c200e2e169b7e26'),
(946, 'Nom946', 'Prenom946', 'Lorem Ipsum', 'default.png', '34', 'Nom946.Prenom946@adressemail.com', 'f90d4f5a7a011c103ebad8c328423649d7f0734dc3cb51070c200e2e169b7e26'),
(947, 'Nom947', 'Prenom947', 'Lorem Ipsum', 'default.png', '13', 'Nom947.Prenom947@adressemail.com', 'f90d4f5a7a011c103ebad8c328423649d7f0734dc3cb51070c200e2e169b7e26'),
(948, 'Nom948', 'Prenom948', 'Lorem Ipsum', 'default.png', '95', 'Nom948.Prenom948@adressemail.com', 'f90d4f5a7a011c103ebad8c328423649d7f0734dc3cb51070c200e2e169b7e26'),
(949, 'Nom949', 'Prenom949', 'Lorem Ipsum', 'default.png', '66', 'Nom949.Prenom949@adressemail.com', 'f90d4f5a7a011c103ebad8c328423649d7f0734dc3cb51070c200e2e169b7e26'),
(950, 'Nom950', 'Prenom950', 'Lorem Ipsum', 'default.png', '92', 'Nom950.Prenom950@adressemail.com', 'f90d4f5a7a011c103ebad8c328423649d7f0734dc3cb51070c200e2e169b7e26'),
(951, 'Nom951', 'Prenom951', 'Lorem Ipsum', 'default.png', '82', 'Nom951.Prenom951@adressemail.com', 'f90d4f5a7a011c103ebad8c328423649d7f0734dc3cb51070c200e2e169b7e26'),
(952, 'Nom952', 'Prenom952', 'Lorem Ipsum', 'default.png', '73', 'Nom952.Prenom952@adressemail.com', 'f90d4f5a7a011c103ebad8c328423649d7f0734dc3cb51070c200e2e169b7e26'),
(953, 'Nom953', 'Prenom953', 'Lorem Ipsum', 'default.png', '15', 'Nom953.Prenom953@adressemail.com', 'f90d4f5a7a011c103ebad8c328423649d7f0734dc3cb51070c200e2e169b7e26'),
(954, 'Nom954', 'Prenom954', 'Lorem Ipsum', 'default.png', '86', 'Nom954.Prenom954@adressemail.com', 'f90d4f5a7a011c103ebad8c328423649d7f0734dc3cb51070c200e2e169b7e26'),
(955, 'Nom955', 'Prenom955', 'Lorem Ipsum', 'default.png', '38', 'Nom955.Prenom955@adressemail.com', 'f90d4f5a7a011c103ebad8c328423649d7f0734dc3cb51070c200e2e169b7e26'),
(956, 'Nom956', 'Prenom956', 'Lorem Ipsum', 'default.png', '26', 'Nom956.Prenom956@adressemail.com', 'f90d4f5a7a011c103ebad8c328423649d7f0734dc3cb51070c200e2e169b7e26'),
(957, 'Nom957', 'Prenom957', 'Lorem Ipsum', 'default.png', '70', 'Nom957.Prenom957@adressemail.com', 'f90d4f5a7a011c103ebad8c328423649d7f0734dc3cb51070c200e2e169b7e26'),
(958, 'Nom958', 'Prenom958', 'Lorem Ipsum', 'default.png', '37', 'Nom958.Prenom958@adressemail.com', 'f90d4f5a7a011c103ebad8c328423649d7f0734dc3cb51070c200e2e169b7e26'),
(959, 'Nom959', 'Prenom959', 'Lorem Ipsum', 'default.png', '83', 'Nom959.Prenom959@adressemail.com', 'f90d4f5a7a011c103ebad8c328423649d7f0734dc3cb51070c200e2e169b7e26'),
(960, 'Nom960', 'Prenom960', 'Lorem Ipsum', 'default.png', '50', 'Nom960.Prenom960@adressemail.com', 'f90d4f5a7a011c103ebad8c328423649d7f0734dc3cb51070c200e2e169b7e26'),
(961, 'Nom961', 'Prenom961', 'Lorem Ipsum', 'default.png', '8', 'Nom961.Prenom961@adressemail.com', 'f90d4f5a7a011c103ebad8c328423649d7f0734dc3cb51070c200e2e169b7e26'),
(962, 'Nom962', 'Prenom962', 'Lorem Ipsum', 'default.png', '62', 'Nom962.Prenom962@adressemail.com', 'f90d4f5a7a011c103ebad8c328423649d7f0734dc3cb51070c200e2e169b7e26'),
(963, 'Nom963', 'Prenom963', 'Lorem Ipsum', 'default.png', '70', 'Nom963.Prenom963@adressemail.com', 'f90d4f5a7a011c103ebad8c328423649d7f0734dc3cb51070c200e2e169b7e26'),
(964, 'Nom964', 'Prenom964', 'Lorem Ipsum', 'default.png', '67', 'Nom964.Prenom964@adressemail.com', 'f90d4f5a7a011c103ebad8c328423649d7f0734dc3cb51070c200e2e169b7e26'),
(965, 'Nom965', 'Prenom965', 'Lorem Ipsum', 'default.png', '75', 'Nom965.Prenom965@adressemail.com', 'f90d4f5a7a011c103ebad8c328423649d7f0734dc3cb51070c200e2e169b7e26'),
(966, 'Nom966', 'Prenom966', 'Lorem Ipsum', 'default.png', '10', 'Nom966.Prenom966@adressemail.com', 'f90d4f5a7a011c103ebad8c328423649d7f0734dc3cb51070c200e2e169b7e26'),
(967, 'Nom967', 'Prenom967', 'Lorem Ipsum', 'default.png', '53', 'Nom967.Prenom967@adressemail.com', 'f90d4f5a7a011c103ebad8c328423649d7f0734dc3cb51070c200e2e169b7e26'),
(968, 'Nom968', 'Prenom968', 'Lorem Ipsum', 'default.png', '29', 'Nom968.Prenom968@adressemail.com', 'f90d4f5a7a011c103ebad8c328423649d7f0734dc3cb51070c200e2e169b7e26'),
(969, 'Nom969', 'Prenom969', 'Lorem Ipsum', 'default.png', '90', 'Nom969.Prenom969@adressemail.com', 'f90d4f5a7a011c103ebad8c328423649d7f0734dc3cb51070c200e2e169b7e26'),
(970, 'Nom970', 'Prenom970', 'Lorem Ipsum', 'default.png', '75', 'Nom970.Prenom970@adressemail.com', 'f90d4f5a7a011c103ebad8c328423649d7f0734dc3cb51070c200e2e169b7e26'),
(971, 'Nom971', 'Prenom971', 'Lorem Ipsum', 'default.png', '52', 'Nom971.Prenom971@adressemail.com', 'f90d4f5a7a011c103ebad8c328423649d7f0734dc3cb51070c200e2e169b7e26'),
(972, 'Nom972', 'Prenom972', 'Lorem Ipsum', 'default.png', '85', 'Nom972.Prenom972@adressemail.com', 'f90d4f5a7a011c103ebad8c328423649d7f0734dc3cb51070c200e2e169b7e26'),
(973, 'Nom973', 'Prenom973', 'Lorem Ipsum', 'default.png', '52', 'Nom973.Prenom973@adressemail.com', 'f90d4f5a7a011c103ebad8c328423649d7f0734dc3cb51070c200e2e169b7e26'),
(974, 'Nom974', 'Prenom974', 'Lorem Ipsum', 'default.png', '80', 'Nom974.Prenom974@adressemail.com', 'f90d4f5a7a011c103ebad8c328423649d7f0734dc3cb51070c200e2e169b7e26'),
(975, 'Nom975', 'Prenom975', 'Lorem Ipsum', 'default.png', '91', 'Nom975.Prenom975@adressemail.com', 'f90d4f5a7a011c103ebad8c328423649d7f0734dc3cb51070c200e2e169b7e26'),
(976, 'Nom976', 'Prenom976', 'Lorem Ipsum', 'default.png', '90', 'Nom976.Prenom976@adressemail.com', 'f90d4f5a7a011c103ebad8c328423649d7f0734dc3cb51070c200e2e169b7e26'),
(977, 'Nom977', 'Prenom977', 'Lorem Ipsum', 'default.png', '42', 'Nom977.Prenom977@adressemail.com', 'f90d4f5a7a011c103ebad8c328423649d7f0734dc3cb51070c200e2e169b7e26'),
(978, 'Nom978', 'Prenom978', 'Lorem Ipsum', 'default.png', '95', 'Nom978.Prenom978@adressemail.com', 'f90d4f5a7a011c103ebad8c328423649d7f0734dc3cb51070c200e2e169b7e26'),
(979, 'Nom979', 'Prenom979', 'Lorem Ipsum', 'default.png', '72', 'Nom979.Prenom979@adressemail.com', 'f90d4f5a7a011c103ebad8c328423649d7f0734dc3cb51070c200e2e169b7e26'),
(980, 'Nom980', 'Prenom980', 'Lorem Ipsum', 'default.png', '26', 'Nom980.Prenom980@adressemail.com', 'f90d4f5a7a011c103ebad8c328423649d7f0734dc3cb51070c200e2e169b7e26'),
(981, 'Nom981', 'Prenom981', 'Lorem Ipsum', 'default.png', '95', 'Nom981.Prenom981@adressemail.com', 'f90d4f5a7a011c103ebad8c328423649d7f0734dc3cb51070c200e2e169b7e26'),
(982, 'Nom982', 'Prenom982', 'Lorem Ipsum', 'default.png', '37', 'Nom982.Prenom982@adressemail.com', 'f90d4f5a7a011c103ebad8c328423649d7f0734dc3cb51070c200e2e169b7e26'),
(983, 'Nom983', 'Prenom983', 'Lorem Ipsum', 'default.png', '47', 'Nom983.Prenom983@adressemail.com', 'f90d4f5a7a011c103ebad8c328423649d7f0734dc3cb51070c200e2e169b7e26'),
(984, 'Nom984', 'Prenom984', 'Lorem Ipsum', 'default.png', '26', 'Nom984.Prenom984@adressemail.com', 'f90d4f5a7a011c103ebad8c328423649d7f0734dc3cb51070c200e2e169b7e26'),
(985, 'Nom985', 'Prenom985', 'Lorem Ipsum', 'default.png', '75', 'Nom985.Prenom985@adressemail.com', 'f90d4f5a7a011c103ebad8c328423649d7f0734dc3cb51070c200e2e169b7e26'),
(986, 'Nom986', 'Prenom986', 'Lorem Ipsum', 'default.png', '73', 'Nom986.Prenom986@adressemail.com', 'f90d4f5a7a011c103ebad8c328423649d7f0734dc3cb51070c200e2e169b7e26'),
(987, 'Nom987', 'Prenom987', 'Lorem Ipsum', 'default.png', '51', 'Nom987.Prenom987@adressemail.com', 'f90d4f5a7a011c103ebad8c328423649d7f0734dc3cb51070c200e2e169b7e26'),
(989, 'Nom989', 'Prenom989', 'Lorem Ipsum', 'default.png', '95', 'Nom989.Prenom989@adressemail.com', 'f90d4f5a7a011c103ebad8c328423649d7f0734dc3cb51070c200e2e169b7e26'),
(990, 'Nom990', 'Prenom990', 'Lorem Ipsum', 'default.png', '49', 'Nom990.Prenom990@adressemail.com', 'f90d4f5a7a011c103ebad8c328423649d7f0734dc3cb51070c200e2e169b7e26'),
(991, 'Nom991', 'Prenom991', 'Lorem Ipsum', 'default.png', '35', 'Nom991.Prenom991@adressemail.com', 'f90d4f5a7a011c103ebad8c328423649d7f0734dc3cb51070c200e2e169b7e26'),
(992, 'Nom992', 'Prenom992', 'Lorem Ipsum', 'default.png', '41', 'Nom992.Prenom992@adressemail.com', 'f90d4f5a7a011c103ebad8c328423649d7f0734dc3cb51070c200e2e169b7e26'),
(993, 'Nom993', 'Prenom993', 'Lorem Ipsum', 'default.png', '71', 'Nom993.Prenom993@adressemail.com', 'f90d4f5a7a011c103ebad8c328423649d7f0734dc3cb51070c200e2e169b7e26'),
(994, 'Nom994', 'Prenom994', 'Lorem Ipsum', 'default.png', '65', 'Nom994.Prenom994@adressemail.com', 'f90d4f5a7a011c103ebad8c328423649d7f0734dc3cb51070c200e2e169b7e26'),
(995, 'Nom995', 'Prenom995', 'Lorem Ipsum', 'default.png', '19', 'Nom995.Prenom995@adressemail.com', 'f90d4f5a7a011c103ebad8c328423649d7f0734dc3cb51070c200e2e169b7e26'),
(996, 'Nom996', 'Prenom996', 'Lorem Ipsum', 'default.png', '14', 'Nom996.Prenom996@adressemail.com', 'f90d4f5a7a011c103ebad8c328423649d7f0734dc3cb51070c200e2e169b7e26'),
(997, 'Nom997', 'Prenom997', 'Lorem Ipsum', 'default.png', '53', 'Nom997.Prenom997@adressemail.com', 'f90d4f5a7a011c103ebad8c328423649d7f0734dc3cb51070c200e2e169b7e26'),
(998, 'Nom998', 'Prenom998', 'Lorem Ipsum', 'default.png', '84', 'Nom998.Prenom998@adressemail.com', 'f90d4f5a7a011c103ebad8c328423649d7f0734dc3cb51070c200e2e169b7e26'),
(999, 'Nom999', 'Prenom999', 'Lorem Ipsum', 'default.png', '38', 'Nom999.Prenom999@adressemail.com', 'f90d4f5a7a011c103ebad8c328423649d7f0734dc3cb51070c200e2e169b7e26'),
(1000, 'Nom1000', 'Prenom1000', 'Lorem Ipsum', 'default.png', '34', 'Nom1000.Prenom1000@adressemail.com', 'f90d4f5a7a011c103ebad8c328423649d7f0734dc3cb51070c200e2e169b7e26');

-- --------------------------------------------------------

--
-- Structure de la table `personnesmatch`
--

CREATE TABLE `personnesmatch` (
  `id_personne1` int(11) NOT NULL,
  `id_personne2` int(11) NOT NULL,
  `statutpersonne1` varchar(15) NOT NULL,
  `statutpersonne2` varchar(15) NOT NULL
) ENGINE=InnoDB DEFAULT CHARSET=utf8;

--
-- Déchargement des données de la table `personnesmatch`
--

INSERT INTO `personnesmatch` (`id_personne1`, `id_personne2`, `statutpersonne1`, `statutpersonne2`) VALUES
(856, 1, 'DEMANDE', 'EN ATTENTE'),
(856, 2, 'DEMANDE', 'EN ATTENTE'),
(856, 3, 'DEMANDE', 'EN ATTENTE'),
(856, 4, 'DEMANDE', 'EN ATTENTE'),
(856, 5, 'DEMANDE', 'EN ATTENTE'),
(856, 6, 'DEMANDE', 'EN ATTENTE'),
(856, 7, 'DEMANDE', 'EN ATTENTE'),
(856, 10, 'DEMANDE', 'EN ATTENTE'),
(856, 322, 'DEMANDE', 'EN ATTENTE'),
(856, 749, 'DEMANDE', 'EN ATTENTE'),
(856, 851, 'DEMANDE', 'EN ATTENTE'),
(856, 951, 'DEMANDE', 'EN ATTENTE');

-- --------------------------------------------------------

--
-- Structure de la table `pratique`
--

CREATE TABLE `pratique` (
  `id_personne` int(11) NOT NULL,
  `id_sport` int(11) NOT NULL,
  `niveau` varchar(20) NOT NULL
) ENGINE=InnoDB DEFAULT CHARSET=utf8;

--
-- Déchargement des données de la table `pratique`
--

INSERT INTO `pratique` (`id_personne`, `id_sport`, `niveau`) VALUES
(1, 17, '2'),
(2, 33, '3'),
(3, 43, '2'),
(4, 69, '1'),
(5, 90, '3'),
(6, 83, '1'),
(7, 24, '3'),
(8, 10, '2'),
(9, 38, '2'),
(10, 50, '1'),
(11, 100, '3'),
(12, 54, '2'),
(13, 86, '2'),
(14, 17, '1'),
(15, 10, '2'),
(16, 3, '2'),
(17, 66, '2'),
(18, 76, '2'),
(19, 22, '1'),
(20, 9, '3'),
(21, 100, '2'),
(22, 81, '2'),
(23, 100, '2'),
(24, 17, '3'),
(25, 11, '2'),
(26, 21, '1'),
(27, 34, '2'),
(28, 96, '1'),
(29, 59, '2'),
(30, 59, '1'),
(31, 29, '2'),
(32, 27, '1'),
(33, 91, '2'),
(34, 56, '1'),
(35, 73, '2'),
(36, 79, '3'),
(37, 66, '2'),
(38, 28, '2'),
(39, 39, '2'),
(40, 73, '3'),
(41, 47, '1'),
(42, 83, '1'),
(43, 95, '2'),
(44, 58, '1'),
(45, 100, '2'),
(46, 27, '1'),
(47, 61, '3'),
(48, 29, '3'),
(49, 51, '2'),
(50, 55, '1'),
(51, 16, '2'),
(52, 11, '1'),
(53, 60, '1'),
(54, 7, '1'),
(55, 57, '1'),
(56, 74, '2'),
(57, 98, '2'),
(58, 40, '2'),
(59, 74, '1'),
(60, 94, '2'),
(61, 42, '2'),
(62, 87, '1'),
(63, 12, '1'),
(64, 49, '3'),
(65, 13, '3'),
(66, 71, '2'),
(67, 80, '3'),
(68, 38, '1'),
(69, 47, '1'),
(70, 7, '1'),
(71, 18, '2'),
(72, 68, '2'),
(73, 47, '3'),
(74, 43, '1'),
(75, 56, '1'),
(76, 46, '3'),
(77, 63, '3'),
(78, 61, '1'),
(79, 92, '3'),
(80, 28, '1'),
(81, 48, '3'),
(82, 29, '3'),
(83, 55, '2'),
(84, 22, '3'),
(85, 81, '3'),
(86, 44, '1'),
(87, 44, '2'),
(88, 95, '2'),
(89, 98, '2'),
(90, 38, '2'),
(91, 31, '2'),
(92, 9, '3'),
(93, 70, '3'),
(94, 1, '1'),
(95, 29, '1'),
(96, 89, '1'),
(97, 65, '2'),
(98, 68, '1'),
(99, 85, '2'),
(100, 93, '2'),
(101, 71, '1'),
(102, 39, '3'),
(103, 73, '1'),
(104, 89, '3'),
(105, 12, '3'),
(106, 35, '2'),
(107, 5, '3'),
(108, 4, '3'),
(109, 66, '2'),
(110, 55, '1'),
(111, 46, '1'),
(112, 61, '2'),
(113, 6, '3'),
(114, 13, '3'),
(115, 71, '1'),
(116, 96, '3'),
(117, 5, '1'),
(118, 3, '3'),
(119, 88, '2'),
(120, 55, '2'),
(121, 8, '1'),
(122, 69, '3'),
(123, 36, '2'),
(124, 84, '2'),
(125, 15, '3'),
(126, 43, '1'),
(127, 41, '2'),
(128, 41, '2'),
(129, 36, '1'),
(130, 62, '1'),
(131, 1, '3'),
(132, 67, '2'),
(133, 52, '3'),
(134, 72, '3'),
(135, 76, '3'),
(136, 48, '3'),
(137, 74, '2'),
(138, 13, '1'),
(139, 58, '3'),
(140, 24, '2'),
(141, 67, '2'),
(142, 10, '3'),
(143, 66, '3'),
(144, 30, '1'),
(145, 14, '3'),
(146, 3, '3'),
(147, 99, '3'),
(148, 31, '3'),
(149, 64, '3'),
(150, 86, '2'),
(151, 95, '1'),
(152, 66, '3'),
(153, 61, '2'),
(154, 100, '1'),
(155, 80, '1'),
(156, 52, '2'),
(157, 32, '3'),
(158, 76, '1'),
(159, 52, '1'),
(160, 27, '1'),
(161, 80, '3'),
(162, 93, '2'),
(163, 35, '1'),
(164, 57, '1'),
(165, 96, '3'),
(166, 49, '2'),
(167, 99, '2'),
(168, 93, '3'),
(169, 67, '2'),
(170, 1, '3'),
(171, 62, '1'),
(172, 59, '3'),
(173, 38, '1'),
(174, 73, '2'),
(175, 65, '2'),
(176, 8, '2'),
(177, 54, '3'),
(178, 67, '1'),
(179, 100, '2'),
(180, 86, '3'),
(181, 32, '1'),
(182, 5, '2'),
(183, 50, '3'),
(184, 57, '3'),
(185, 3, '2'),
(186, 30, '2'),
(187, 46, '3'),
(188, 11, '2'),
(189, 4, '2'),
(190, 87, '3'),
(191, 11, '3'),
(192, 19, '2'),
(193, 39, '2'),
(194, 24, '2'),
(195, 9, '1'),
(196, 42, '1'),
(197, 27, '3'),
(198, 25, '3'),
(199, 76, '3'),
(200, 88, '2'),
(201, 40, '1'),
(202, 15, '2'),
(203, 74, '1'),
(204, 44, '2'),
(205, 93, '3'),
(206, 39, '1'),
(207, 39, '2'),
(208, 5, '3'),
(209, 6, '3'),
(210, 45, '3'),
(211, 25, '1'),
(212, 24, '1'),
(213, 26, '2'),
(214, 72, '2'),
(215, 15, '1'),
(216, 55, '2'),
(217, 32, '1'),
(218, 14, '3'),
(219, 17, '2'),
(220, 84, '1'),
(221, 32, '1'),
(222, 83, '3'),
(223, 96, '2'),
(224, 74, '3'),
(225, 50, '2'),
(226, 25, '1'),
(227, 30, '1'),
(228, 47, '3'),
(229, 25, '2'),
(230, 94, '3'),
(231, 86, '3'),
(232, 64, '1'),
(233, 16, '1'),
(234, 6, '2'),
(235, 80, '3'),
(236, 71, '1'),
(237, 70, '3'),
(238, 21, '2'),
(239, 99, '2'),
(240, 15, '1'),
(241, 85, '2'),
(242, 44, '1'),
(243, 12, '1'),
(244, 89, '1'),
(245, 35, '1'),
(246, 23, '3'),
(247, 86, '2'),
(248, 89, '2'),
(249, 83, '2'),
(250, 58, '1'),
(251, 99, '2'),
(252, 94, '3'),
(253, 14, '1'),
(254, 62, '1'),
(255, 6, '2'),
(256, 89, '2'),
(257, 4, '1'),
(258, 54, '1'),
(259, 96, '1'),
(260, 11, '1'),
(261, 88, '1'),
(262, 6, '3'),
(263, 51, '2'),
(264, 82, '3'),
(265, 94, '3'),
(266, 35, '3'),
(267, 59, '1'),
(268, 30, '3'),
(269, 33, '1'),
(270, 93, '1'),
(271, 42, '2'),
(272, 9, '1'),
(273, 24, '2'),
(274, 22, '2'),
(275, 67, '2'),
(276, 42, '2'),
(277, 76, '3'),
(278, 8, '2'),
(279, 30, '1'),
(280, 84, '3'),
(281, 64, '3'),
(282, 17, '1'),
(283, 24, '2'),
(284, 42, '3'),
(285, 91, '1'),
(286, 43, '3'),
(287, 73, '2'),
(288, 26, '2'),
(289, 79, '1'),
(290, 82, '1'),
(291, 42, '2'),
(292, 78, '1'),
(293, 31, '1'),
(294, 35, '3'),
(295, 56, '3'),
(296, 72, '3'),
(297, 18, '1'),
(298, 32, '1'),
(299, 26, '1'),
(300, 3, '2'),
(301, 98, '3'),
(302, 48, '3'),
(303, 26, '2'),
(304, 51, '3'),
(305, 9, '3'),
(306, 61, '2'),
(307, 42, '3'),
(308, 66, '3'),
(309, 24, '3'),
(310, 47, '1'),
(311, 45, '1'),
(312, 17, '3'),
(313, 76, '1'),
(314, 93, '1'),
(315, 28, '3'),
(316, 49, '1'),
(317, 74, '1'),
(318, 84, '3'),
(319, 44, '1'),
(320, 9, '3'),
(321, 57, '3'),
(322, 2, '1'),
(323, 22, '1'),
(324, 69, '1'),
(325, 90, '2'),
(326, 29, '1'),
(327, 57, '2'),
(328, 29, '1'),
(329, 68, '1'),
(330, 19, '2'),
(331, 61, '3'),
(332, 22, '3'),
(333, 75, '1'),
(334, 100, '3'),
(335, 18, '3'),
(336, 8, '1'),
(337, 45, '1'),
(338, 26, '1'),
(339, 13, '2'),
(340, 24, '2'),
(341, 31, '2'),
(342, 91, '2'),
(343, 27, '2'),
(344, 8, '1'),
(345, 64, '1'),
(346, 50, '1'),
(347, 57, '3'),
(348, 73, '3'),
(349, 32, '1'),
(350, 81, '1'),
(351, 24, '2'),
(352, 3, '1'),
(353, 43, '3'),
(354, 32, '1'),
(355, 85, '1'),
(356, 50, '2'),
(357, 97, '1'),
(358, 11, '2'),
(359, 69, '2'),
(360, 38, '3'),
(361, 46, '3'),
(362, 99, '1'),
(363, 36, '3'),
(364, 47, '1'),
(365, 88, '2'),
(366, 52, '2'),
(367, 14, '2'),
(368, 55, '2'),
(369, 19, '3'),
(370, 67, '3'),
(371, 77, '3'),
(372, 39, '2'),
(373, 91, '2'),
(374, 5, '2'),
(375, 93, '3'),
(376, 85, '3'),
(377, 69, '3'),
(378, 55, '1'),
(379, 14, '1'),
(380, 73, '2'),
(381, 2, '1'),
(382, 62, '1'),
(383, 39, '2'),
(384, 56, '1'),
(385, 48, '1'),
(386, 52, '3'),
(387, 86, '3'),
(388, 89, '2'),
(389, 50, '3'),
(390, 34, '3'),
(391, 6, '2'),
(392, 60, '1'),
(393, 42, '1'),
(394, 46, '1'),
(395, 62, '1'),
(396, 11, '2'),
(397, 79, '2'),
(398, 83, '1'),
(399, 49, '3'),
(400, 61, '3'),
(401, 81, '3'),
(402, 58, '2'),
(403, 56, '1'),
(404, 47, '2'),
(405, 26, '2'),
(406, 98, '3'),
(407, 59, '1'),
(408, 46, '1'),
(409, 37, '1'),
(410, 53, '2'),
(411, 23, '3'),
(412, 75, '1'),
(413, 76, '1'),
(414, 42, '1'),
(415, 3, '3'),
(416, 35, '1'),
(417, 48, '1'),
(418, 100, '3'),
(419, 79, '2'),
(420, 71, '3'),
(421, 44, '1'),
(422, 22, '1'),
(423, 51, '2'),
(424, 88, '3'),
(425, 79, '1'),
(426, 5, '2'),
(427, 79, '2'),
(428, 67, '3'),
(429, 8, '1'),
(430, 21, '2'),
(431, 4, '2'),
(432, 19, '3'),
(433, 52, '1'),
(434, 14, '1'),
(435, 50, '2'),
(436, 70, '1'),
(437, 38, '3'),
(438, 74, '2'),
(439, 28, '2'),
(440, 59, '1'),
(441, 20, '3'),
(442, 17, '3'),
(443, 78, '2'),
(444, 88, '3'),
(445, 33, '2'),
(446, 19, '2'),
(447, 83, '3'),
(448, 50, '3'),
(449, 27, '1'),
(450, 99, '2'),
(451, 15, '1'),
(452, 52, '3'),
(453, 21, '3'),
(454, 90, '3'),
(455, 19, '3'),
(456, 86, '3'),
(457, 33, '3'),
(458, 42, '3'),
(459, 4, '2'),
(460, 14, '1'),
(461, 84, '2'),
(462, 82, '2'),
(463, 32, '1'),
(464, 41, '1'),
(465, 74, '3'),
(466, 11, '2'),
(467, 51, '1'),
(468, 27, '2'),
(469, 10, '2'),
(470, 37, '1'),
(471, 8, '3'),
(472, 41, '3'),
(473, 39, '3'),
(474, 41, '3'),
(475, 30, '2'),
(476, 7, '2'),
(477, 83, '1'),
(478, 56, '1'),
(479, 55, '2'),
(480, 84, '2'),
(481, 24, '2'),
(482, 9, '3'),
(483, 64, '3'),
(484, 22, '2'),
(485, 84, '2'),
(486, 30, '1'),
(487, 79, '1'),
(488, 75, '2'),
(489, 42, '2'),
(490, 7, '1'),
(491, 62, '2'),
(492, 25, '2'),
(493, 14, '1'),
(494, 98, '2'),
(495, 75, '2'),
(496, 83, '3'),
(497, 73, '2'),
(498, 14, '3'),
(499, 19, '1'),
(500, 87, '2'),
(501, 35, '3'),
(502, 94, '1'),
(503, 88, '1'),
(504, 65, '2'),
(505, 39, '2'),
(506, 5, '1'),
(507, 10, '2'),
(508, 65, '3'),
(509, 60, '1'),
(510, 50, '1'),
(511, 38, '3'),
(512, 67, '1'),
(513, 67, '3'),
(514, 59, '2'),
(515, 56, '2'),
(516, 19, '2'),
(517, 67, '3'),
(518, 23, '3'),
(519, 42, '1'),
(520, 94, '2'),
(521, 77, '3'),
(522, 68, '3'),
(523, 13, '2'),
(524, 80, '2'),
(525, 78, '1'),
(526, 18, '2'),
(527, 89, '2'),
(528, 41, '1'),
(529, 85, '1'),
(530, 47, '3'),
(531, 53, '3'),
(532, 81, '1'),
(533, 9, '2'),
(534, 6, '1'),
(535, 57, '3'),
(536, 21, '1'),
(537, 51, '3'),
(538, 40, '1'),
(539, 54, '1'),
(540, 7, '3'),
(541, 20, '2'),
(542, 28, '2'),
(543, 52, '3'),
(544, 92, '2'),
(545, 18, '1'),
(546, 54, '2'),
(547, 65, '3'),
(548, 35, '1'),
(549, 62, '3'),
(550, 61, '3'),
(551, 90, '3'),
(552, 16, '1'),
(553, 68, '2'),
(554, 53, '1'),
(555, 70, '1'),
(556, 14, '2'),
(557, 56, '3'),
(558, 41, '3'),
(559, 81, '1'),
(560, 2, '2'),
(561, 67, '3'),
(562, 84, '3'),
(563, 74, '2'),
(564, 93, '1'),
(565, 71, '3'),
(566, 86, '2'),
(567, 87, '3'),
(568, 41, '1'),
(569, 68, '1'),
(570, 66, '1'),
(571, 73, '1'),
(572, 85, '2'),
(573, 48, '1'),
(574, 91, '2'),
(575, 25, '1'),
(576, 15, '3'),
(577, 26, '1'),
(578, 31, '2'),
(579, 59, '3'),
(580, 52, '3'),
(581, 52, '3'),
(582, 21, '3'),
(583, 20, '2'),
(584, 24, '3'),
(585, 94, '2'),
(586, 30, '2'),
(587, 99, '1'),
(588, 99, '3'),
(589, 40, '3'),
(590, 91, '3'),
(591, 50, '2'),
(592, 27, '2'),
(593, 92, '2'),
(594, 10, '3'),
(595, 59, '3'),
(596, 47, '1'),
(597, 66, '3'),
(598, 38, '3'),
(599, 78, '1'),
(600, 50, '3'),
(601, 75, '2'),
(602, 46, '2'),
(603, 54, '1'),
(604, 7, '3'),
(605, 26, '2'),
(606, 7, '3'),
(607, 75, '1'),
(608, 33, '2'),
(609, 86, '3'),
(610, 32, '1'),
(611, 65, '3'),
(612, 96, '3'),
(613, 22, '1'),
(614, 26, '1'),
(615, 52, '3'),
(616, 38, '1'),
(617, 96, '3'),
(618, 93, '1'),
(619, 51, '1'),
(620, 62, '2'),
(621, 2, '3'),
(622, 10, '2'),
(623, 6, '2'),
(624, 66, '3'),
(625, 65, '2'),
(627, 92, '1'),
(628, 66, '1'),
(629, 50, '3'),
(630, 75, '2'),
(631, 83, '3'),
(632, 6, '1'),
(633, 54, '3'),
(634, 20, '2'),
(635, 35, '3'),
(636, 13, '1'),
(637, 10, '1'),
(638, 18, '1'),
(639, 32, '1'),
(640, 38, '2'),
(641, 83, '1'),
(642, 52, '2'),
(643, 14, '2'),
(644, 84, '1'),
(645, 6, '2'),
(646, 53, '2'),
(647, 38, '1'),
(649, 69, '3'),
(650, 89, '1'),
(651, 96, '3'),
(652, 8, '2'),
(653, 51, '3'),
(654, 54, '2'),
(655, 82, '3'),
(656, 60, '3'),
(657, 72, '2'),
(658, 100, '1'),
(659, 62, '3'),
(660, 17, '2'),
(661, 54, '1'),
(662, 84, '3'),
(663, 20, '1'),
(664, 93, '3'),
(665, 90, '2'),
(666, 30, '3'),
(667, 89, '1'),
(668, 20, '3'),
(669, 57, '1'),
(670, 86, '2'),
(671, 4, '2'),
(672, 48, '1'),
(673, 64, '3'),
(674, 90, '2'),
(675, 55, '3'),
(676, 100, '2'),
(677, 90, '1'),
(678, 27, '2'),
(679, 40, '3'),
(680, 65, '2'),
(681, 21, '1'),
(682, 50, '1'),
(683, 44, '2'),
(684, 24, '1'),
(685, 22, '2'),
(686, 49, '3'),
(687, 29, '1'),
(688, 82, '2'),
(689, 66, '1'),
(690, 99, '2'),
(691, 19, '3'),
(692, 56, '2'),
(693, 45, '3'),
(694, 85, '3'),
(695, 34, '2'),
(696, 89, '3'),
(697, 75, '3'),
(698, 90, '2'),
(699, 19, '1'),
(700, 60, '2'),
(701, 93, '2'),
(702, 69, '3'),
(703, 63, '1'),
(704, 12, '3'),
(705, 82, '2'),
(706, 12, '1'),
(707, 78, '3'),
(708, 12, '1'),
(709, 65, '1'),
(710, 16, '1'),
(711, 59, '3'),
(712, 47, '3'),
(713, 4, '3'),
(714, 10, '3'),
(715, 79, '3'),
(716, 31, '2'),
(717, 94, '2'),
(718, 89, '2'),
(719, 17, '2'),
(720, 72, '3'),
(721, 61, '3'),
(722, 21, '1'),
(723, 22, '1'),
(724, 77, '3'),
(725, 91, '3'),
(726, 2, '3'),
(727, 20, '3'),
(728, 54, '3'),
(730, 18, '3'),
(731, 56, '2'),
(732, 10, '2'),
(733, 22, '2'),
(734, 43, '2'),
(735, 38, '1'),
(736, 57, '3'),
(737, 8, '1'),
(738, 50, '3'),
(739, 20, '2'),
(740, 58, '3'),
(741, 17, '1'),
(742, 65, '1'),
(743, 16, '1'),
(744, 86, '1'),
(745, 83, '1'),
(746, 48, '3'),
(747, 49, '2'),
(748, 72, '1'),
(749, 2, '2'),
(750, 22, '2'),
(751, 65, '1'),
(752, 53, '2'),
(753, 71, '1'),
(754, 94, '2'),
(755, 66, '2'),
(756, 68, '3'),
(757, 78, '1'),
(758, 23, '3'),
(759, 15, '2'),
(760, 26, '2'),
(761, 64, '3'),
(762, 65, '2'),
(763, 86, '3'),
(764, 48, '3'),
(765, 69, '2'),
(766, 71, '3'),
(767, 70, '3'),
(768, 40, '1'),
(769, 39, '1'),
(770, 27, '1'),
(771, 32, '3'),
(772, 47, '3'),
(773, 58, '1'),
(774, 91, '1'),
(775, 59, '1'),
(776, 65, '2'),
(777, 36, '1'),
(778, 89, '2'),
(779, 83, '3'),
(780, 99, '1'),
(781, 57, '3'),
(782, 7, '1'),
(783, 32, '1'),
(784, 24, '1'),
(785, 72, '3'),
(786, 23, '2'),
(787, 68, '3'),
(788, 40, '2'),
(789, 14, '2'),
(790, 100, '3'),
(791, 82, '2'),
(792, 10, '2'),
(793, 89, '2'),
(794, 10, '3'),
(795, 65, '1'),
(796, 28, '2'),
(797, 7, '3'),
(798, 73, '1'),
(799, 73, '1'),
(800, 9, '2'),
(801, 27, '2'),
(802, 60, '2'),
(803, 55, '1'),
(804, 79, '1'),
(805, 29, '2'),
(807, 8, '1'),
(808, 3, '2'),
(809, 18, '1'),
(810, 43, '2'),
(811, 63, '3'),
(812, 45, '3'),
(813, 82, '2'),
(814, 99, '1'),
(815, 14, '3'),
(816, 26, '3'),
(817, 83, '3'),
(818, 27, '2'),
(819, 27, '3'),
(820, 57, '2'),
(821, 36, '3'),
(822, 97, '1'),
(823, 26, '2'),
(824, 55, '1'),
(825, 78, '2'),
(826, 33, '1'),
(827, 49, '2'),
(828, 54, '1'),
(829, 100, '1'),
(830, 72, '3'),
(831, 20, '2'),
(832, 48, '3'),
(833, 4, '2'),
(834, 68, '2'),
(835, 37, '1'),
(836, 96, '2'),
(837, 53, '1'),
(838, 89, '3'),
(839, 66, '3'),
(840, 88, '3'),
(841, 5, '3'),
(842, 46, '3'),
(843, 32, '3'),
(844, 62, '2'),
(845, 11, '1'),
(846, 11, '3'),
(847, 64, '1'),
(848, 23, '3'),
(849, 69, '3'),
(850, 97, '2'),
(851, 2, '2'),
(852, 48, '1'),
(853, 75, '2'),
(854, 85, '1'),
(855, 30, '1'),
(856, 82, '2'),
(857, 50, '1'),
(858, 53, '2'),
(859, 69, '2'),
(860, 68, '3'),
(861, 63, '3'),
(862, 32, '2'),
(863, 26, '3'),
(864, 29, '1'),
(865, 80, '3'),
(866, 36, '3'),
(867, 95, '2'),
(868, 76, '3'),
(869, 96, '2'),
(870, 10, '3'),
(871, 92, '1'),
(872, 5, '2'),
(873, 82, '3'),
(874, 51, '3'),
(875, 96, '2'),
(876, 45, '2'),
(877, 84, '1'),
(878, 86, '2'),
(879, 32, '1'),
(880, 40, '3'),
(881, 94, '1'),
(882, 29, '1'),
(883, 84, '3'),
(884, 36, '1'),
(885, 68, '1'),
(886, 24, '1'),
(887, 62, '3'),
(888, 82, '1'),
(889, 96, '2'),
(890, 90, '3'),
(891, 29, '2'),
(892, 27, '1'),
(893, 66, '1'),
(894, 90, '1'),
(895, 77, '3'),
(896, 83, '2'),
(897, 30, '3'),
(898, 90, '3'),
(899, 74, '2'),
(900, 24, '3'),
(901, 57, '1'),
(902, 40, '1'),
(903, 51, '3'),
(904, 48, '1'),
(905, 58, '1'),
(906, 11, '1'),
(907, 71, '3'),
(908, 37, '1'),
(909, 8, '3'),
(910, 97, '1'),
(911, 32, '1'),
(912, 85, '1'),
(913, 68, '2'),
(914, 60, '3'),
(915, 74, '2'),
(916, 65, '2'),
(917, 70, '2'),
(918, 94, '1'),
(919, 64, '2'),
(920, 44, '1'),
(921, 67, '2'),
(922, 83, '3'),
(923, 52, '1'),
(924, 81, '1'),
(925, 47, '3'),
(926, 88, '2'),
(927, 89, '3'),
(928, 39, '1'),
(929, 12, '1'),
(930, 96, '3'),
(931, 80, '3'),
(932, 83, '2'),
(933, 24, '3'),
(934, 17, '3'),
(935, 64, '1'),
(936, 51, '1'),
(937, 99, '3'),
(938, 54, '3'),
(939, 65, '1'),
(941, 20, '3'),
(942, 69, '2'),
(943, 53, '1'),
(944, 64, '3'),
(945, 66, '2'),
(946, 11, '2'),
(947, 25, '2'),
(948, 38, '2'),
(949, 65, '3'),
(950, 33, '2'),
(951, 2, '1'),
(952, 69, '3'),
(953, 5, '1'),
(954, 28, '3'),
(955, 57, '3'),
(956, 87, '1'),
(957, 17, '2'),
(958, 39, '1'),
(959, 17, '2'),
(960, 12, '1'),
(961, 62, '1'),
(962, 4, '2'),
(963, 6, '3'),
(964, 16, '1'),
(965, 56, '2'),
(966, 6, '1'),
(967, 25, '1'),
(968, 52, '3'),
(969, 8, '3'),
(970, 40, '1'),
(971, 13, '2'),
(972, 84, '2'),
(973, 35, '2'),
(974, 80, '1'),
(975, 52, '2'),
(976, 78, '1'),
(977, 47, '1'),
(978, 39, '1'),
(979, 11, '3'),
(980, 66, '2'),
(981, 100, '1'),
(982, 91, '1'),
(983, 16, '2'),
(984, 82, '3'),
(985, 31, '1'),
(986, 88, '1'),
(987, 18, '2'),
(989, 49, '1'),
(990, 11, '3'),
(991, 81, '3'),
(992, 24, '3'),
(993, 61, '2'),
(994, 65, '2'),
(995, 65, '1'),
(996, 1, '1'),
(997, 9, '1'),
(998, 15, '1'),
(999, 42, '1'),
(1000, 74, '1');

-- --------------------------------------------------------

--
-- Structure de la table `sport`
--

CREATE TABLE `sport` (
  `id_sport` int(11) NOT NULL,
  `nom` varchar(50) NOT NULL
) ENGINE=InnoDB DEFAULT CHARSET=utf8;

--
-- Déchargement des données de la table `sport`
--

INSERT INTO `sport` (`id_sport`, `nom`) VALUES
(1, 'Aerobic sportive'),
(2, 'Aérostation'),
(3, 'Aikido'),
(4, 'Alpinisme'),
(5, 'Apnée'),
(6, 'Aqua gym'),
(7, 'Arts martiaux artistiques'),
(8, 'Athlétisme'),
(9, 'Aviron'),
(10, 'Badminton'),
(11, 'Baseball'),
(12, 'Basket ball'),
(13, 'Beach volley'),
(14, 'Biathlon'),
(15, 'Billard'),
(16, 'BMX'),
(17, 'Boxe américaine'),
(18, 'Boxe anglaise'),
(19, 'Boxe chinoise'),
(20, 'Boxe française'),
(21, 'Boxe thaïlandaise'),
(22, 'Canoë kayak'),
(23, 'Canyonisme'),
(24, 'Capoeira'),
(25, 'Char à voile'),
(26, 'Course à pied'),
(27, 'Cyclisme sur piste'),
(28, 'Cyclisme sur route'),
(29, 'Cyclo-cross'),
(30, 'Deltaplane'),
(31, 'Equitation'),
(32, 'Escalade'),
(33, 'Escrime'),
(34, 'Fitness'),
(35, 'Football'),
(36, 'Football US'),
(37, 'Golf'),
(38, 'Gymnastique artistique'),
(39, 'Gymnastique douce'),
(40, 'Gymnastique rythmique'),
(41, 'Haltérophilie'),
(42, 'Handball'),
(43, 'Hockey sur glace'),
(44, 'Ju-Jitsu traditionnel'),
(45, 'Karaté'),
(46, 'Karting'),
(47, 'Kick boxing'),
(48, 'Kite surf'),
(49, 'Krav maga'),
(50, 'Kung fu'),
(51, 'Luge'),
(52, 'Lutte gréco-romaine'),
(53, 'Moto cross'),
(54, 'Moto vitesse'),
(55, 'Motoneige'),
(56, 'Musculation'),
(57, 'Nage avec palmes'),
(58, 'Natation'),
(59, 'Natation synchronisée'),
(60, 'Parachutisme'),
(61, 'Parapente'),
(62, 'Patinage artistique'),
(63, 'Pêche sous-marine'),
(64, 'Pelote basque'),
(65, 'Pentathlon'),
(66, 'Planche à voile'),
(67, 'Plongée'),
(68, 'Plongeon'),
(69, 'Rafting'),
(70, 'Randonnée équestre'),
(71, 'Randonnée pédestre'),
(72, 'Raquette à neige'),
(73, 'Rugby à XIII'),
(74, 'Rugby à XV'),
(75, 'Skateboard'),
(76, 'Ski alpin'),
(77, 'Ski de fond'),
(78, 'Ski de randonnée'),
(79, 'Ski de vitesse'),
(80, 'Ski nautique'),
(81, 'Snowboard'),
(82, 'Skate'),
(83, 'Spéléologie'),
(84, 'Squash'),
(85, 'Surf'),
(86, 'Taekwondo'),
(87, 'Tennis'),
(88, 'Tennis de table'),
(89, 'Tir à l »arc'),
(90, 'Tir sportif'),
(91, 'Tir subaquatique'),
(92, 'Trampoline'),
(93, 'Triathlon'),
(94, 'ULM'),
(95, 'Voile'),
(96, 'Vol à voile'),
(97, 'Volley ball'),
(98, 'VTT'),
(99, 'Water polo'),
(100, 'Yoga');

--
-- Index pour les tables déchargées
--

--
-- Index pour la table `departement`
--
ALTER TABLE `departement`
  ADD PRIMARY KEY (`id_departement`);

--
-- Index pour la table `personne`
--
ALTER TABLE `personne`
  ADD PRIMARY KEY (`id_personne`),
  ADD KEY `personne_departement` (`id_departement`);

--
-- Index pour la table `personnesmatch`
--
ALTER TABLE `personnesmatch`
  ADD PRIMARY KEY (`id_personne1`,`id_personne2`),
  ADD KEY `personne2` (`id_personne2`),
  ADD KEY `personne1` (`id_personne1`) USING BTREE;

--
-- Index pour la table `pratique`
--
ALTER TABLE `pratique`
  ADD PRIMARY KEY (`id_personne`,`id_sport`),
  ADD KEY `personne_sport` (`id_personne`) USING BTREE,
  ADD KEY `sport_personne` (`id_sport`);

--
-- Index pour la table `sport`
--
ALTER TABLE `sport`
  ADD PRIMARY KEY (`id_sport`);

--
-- AUTO_INCREMENT pour les tables déchargées
--

--
-- AUTO_INCREMENT pour la table `personne`
--
ALTER TABLE `personne`
  MODIFY `id_personne` int(11) NOT NULL AUTO_INCREMENT, AUTO_INCREMENT=1001;

--
-- AUTO_INCREMENT pour la table `sport`
--
ALTER TABLE `sport`
  MODIFY `id_sport` int(11) NOT NULL AUTO_INCREMENT, AUTO_INCREMENT=101;

--
-- Contraintes pour les tables déchargées
--

--
-- Contraintes pour la table `personne`
--
ALTER TABLE `personne`
  ADD CONSTRAINT `personne_departement` FOREIGN KEY (`id_departement`) REFERENCES `departement` (`id_departement`);

--
-- Contraintes pour la table `personnesmatch`
--
ALTER TABLE `personnesmatch`
  ADD CONSTRAINT `personne1` FOREIGN KEY (`id_personne1`) REFERENCES `personne` (`id_personne`),
  ADD CONSTRAINT `personne2` FOREIGN KEY (`id_personne2`) REFERENCES `personne` (`id_personne`);

--
-- Contraintes pour la table `pratique`
--
ALTER TABLE `pratique`
  ADD CONSTRAINT `personne_sport` FOREIGN KEY (`id_personne`) REFERENCES `personne` (`id_personne`),
  ADD CONSTRAINT `sport_personne` FOREIGN KEY (`id_sport`) REFERENCES `sport` (`id_sport`);
COMMIT;

/*!40101 SET CHARACTER_SET_CLIENT=@OLD_CHARACTER_SET_CLIENT */;
/*!40101 SET CHARACTER_SET_RESULTS=@OLD_CHARACTER_SET_RESULTS */;
/*!40101 SET COLLATION_CONNECTION=@OLD_COLLATION_CONNECTION */;
